# Blender 4.5.2 LTS
# www.blender.org
o bunny
v -0.021999 0.624344 0.140339
v -0.527179 0.767442 0.191314
v -0.197039 0.588600 0.007085
v -0.160643 0.506881 0.242305
v -0.118737 0.934713 -0.156244
v 0.123009 0.567121 0.206231
v 0.038972 0.589663 0.210647
v -0.086890 0.835127 -0.077414
v -0.221874 0.895596 -0.006336
v -0.543919 0.490503 0.023931
v -0.272453 0.893975 -0.026966
v -0.408409 0.793921 -0.089276
v -0.496115 0.861491 -0.173738
v -0.466118 0.528067 0.333330
v 0.083744 0.516896 0.247096
v -0.244221 0.880978 0.009183
v 0.031410 0.028538 0.295897
v -0.368878 0.047611 0.298695
v -0.291648 0.034194 0.287098
v -0.217799 0.597631 0.011052
v -0.324118 0.801220 0.060604
v -0.136873 0.808586 -0.030272
v -0.364313 0.801520 0.052761
v -0.340632 0.050198 0.297846
v -0.322299 0.061694 0.286833
v -0.191912 0.019362 0.338640
v -0.022862 0.058842 0.306695
v 0.031807 0.054474 0.294966
v -0.252162 0.872071 -0.076928
v -0.367074 0.076758 0.278926
v -0.266075 0.061674 0.271782
v -0.170774 0.074162 0.330422
v -0.141066 0.067636 0.343481
v -0.238667 0.873830 0.008551
v -0.433621 0.826869 -0.088598
v 0.321007 0.236734 0.153097
v -0.317308 0.083043 0.265592
v -0.287657 0.066184 0.275368
v -0.281826 0.087838 0.259891
v -0.145098 0.083703 0.334717
v -0.042045 0.074172 0.306445
v 0.002432 0.073525 0.300105
v 0.219492 0.516090 0.158666
v -0.170747 0.951563 -0.052133
v -0.113110 0.093061 0.315005
v -0.045166 0.083077 0.306334
v 0.038618 0.084836 0.316579
v 0.058710 0.096353 0.318382
v -0.228716 0.509051 0.226146
v -0.490176 0.675233 0.317501
v 0.224746 0.062026 0.186787
v -0.339686 0.096480 0.249859
v -0.305646 0.096238 0.252411
v -0.251166 0.082740 0.260397
v -0.170754 0.092108 0.318185
v -0.144284 0.093767 0.323371
v -0.086273 0.092598 0.308904
v -0.078661 0.102777 0.319229
v -0.004088 0.088086 0.316987
v 0.013326 0.106870 0.337330
v -0.146758 0.105445 0.300657
v -0.116133 0.105664 0.302866
v -0.050342 0.107287 0.328933
v -0.017317 0.114242 0.343113
v -0.412069 0.824853 -0.129437
v 0.209235 0.076093 0.195576
v -0.568114 0.589818 0.003703
v -0.267745 0.864103 0.021137
v -0.415819 0.773425 -0.033018
v -0.221293 0.109550 0.246987
v -0.148049 0.112779 0.283374
v -0.092604 0.134761 0.327137
v 0.008885 0.121049 0.342870
v 0.023408 0.126829 0.344635
v 0.052076 0.116349 0.333996
v -0.468775 0.622643 0.333317
v 0.245095 0.104860 0.205803
v 0.248350 0.093695 0.204741
v 0.138721 0.594155 0.137102
v -0.493389 0.740171 -0.057658
v -0.562797 0.555656 -0.001150
v -0.282042 0.868891 0.015111
v -0.262252 0.574964 0.169601
v -0.301177 0.135680 0.242480
v -0.284311 0.113021 0.251450
v -0.246072 0.110062 0.253542
v -0.128221 0.116566 0.297667
v -0.109096 0.118087 0.312616
v -0.104825 0.133883 0.324535
v -0.067392 0.129973 0.335190
v -0.027798 0.135015 0.347768
v 0.050417 0.138777 0.340297
v 0.244852 0.460277 -0.020664
v -0.509662 0.612641 0.342871
v -0.514663 0.651241 0.328943
v -0.381452 0.753867 0.222495
v -0.423785 0.748842 0.246180
v -0.206123 0.591214 0.125155
v -0.447530 0.819801 -0.059289
v -0.291754 0.618119 0.131457
v -0.270167 0.145961 0.256732
v -0.197500 0.134661 0.236719
v -0.159907 0.123007 0.263461
v -0.139272 0.150300 0.293312
v -0.001565 0.135457 0.352496
v -0.521898 0.593815 0.336459
v -0.193509 0.932654 -0.033777
v 0.229114 0.109094 0.202821
v 0.279433 0.120035 0.209610
v -0.412474 0.768252 0.222440
v -0.287006 0.177658 0.255111
v -0.251463 0.157779 0.259021
v -0.510203 0.883196 -0.266903
v -0.029835 0.156253 0.348300
v -0.009667 0.144420 0.352429
v 0.033534 0.151468 0.344641
v 0.000199 0.578141 0.224173
v 0.216553 0.527046 0.140623
v 0.249569 0.147808 0.201203
v -0.221826 0.132618 0.245531
v -0.055033 0.171734 0.356804
v -0.002840 0.160019 0.351478
v -0.587558 0.525905 0.258959
v 0.263047 0.135595 0.206530
v 0.294408 0.153949 0.206385
v 0.131337 0.586721 0.167124
v -0.091410 0.607309 0.008438
v -0.077333 0.154534 0.340311
v 0.020975 0.169600 0.357806
v -0.079963 0.574849 0.216681
v 0.089114 0.578556 0.209677
v -0.496763 0.784933 0.158276
v -0.180640 0.177643 0.241730
v -0.005514 0.174534 0.360131
v -0.245466 0.527262 0.214038
v -0.104710 0.582476 0.190804
v -0.163687 0.805495 -0.009549
v -0.437505 0.780615 0.195040
v -0.027793 0.179857 0.359252
v -0.020617 0.552128 0.247397
v -0.041476 0.570744 0.230568
v 0.272965 0.164894 0.199006
v 0.312943 0.182193 0.195773
v 0.325215 0.172722 0.195114
v -0.252790 0.190539 0.266965
v -0.222232 0.175740 0.255102
v -0.095128 0.206728 0.346623
v 0.017189 0.188123 0.364650
v -0.090261 0.555357 0.233862
v 0.126823 0.508499 0.242208
v -0.210288 0.912500 -0.016743
v -0.013879 0.425120 0.321586
v -0.361271 0.182515 0.180187
v -0.352922 0.193036 0.204310
v -0.330993 0.174071 0.202790
v -0.270813 0.232829 0.269817
v -0.195291 0.186670 0.245027
v -0.073464 0.201299 0.354282
v 0.044864 0.201026 0.358676
v 0.277495 0.413853 0.006617
v 0.262146 0.180865 0.192509
v 0.297935 0.183028 0.194974
v 0.242258 0.472958 0.169686
v -0.507320 0.840797 -0.183133
v -0.399944 0.735918 -0.027906
v -0.037094 0.206115 0.362380
v 0.001637 0.207742 0.364934
v -0.132522 0.556450 0.212910
v 0.027840 0.608255 0.184804
v -0.300296 0.220070 0.255694
v -0.112382 0.233020 0.348937
v -0.098329 0.241086 0.354841
v -0.066336 0.228290 0.356679
v -0.000728 0.230625 0.365002
v -0.234235 0.549833 0.197881
v -0.453679 0.192431 0.127791
v 0.277546 0.195192 0.180884
v 0.276308 0.335570 0.179816
v 0.109550 0.603897 0.147933
v -0.271730 0.611000 0.006935
v 0.105342 0.574022 0.202405
v -0.524244 0.775895 0.167069
v -0.208099 0.352578 -0.162123
v -0.088864 0.240945 0.352847
v 0.034145 0.222353 0.359136
v 0.049649 0.250542 0.361663
v 0.022470 0.557942 0.238122
v 0.042921 0.536713 0.249763
v 0.297309 0.212469 0.172947
v 0.337569 0.198620 0.182449
v -0.399308 0.576935 -0.056593
v -0.041245 0.462584 -0.147356
v -0.227197 0.225926 0.266956
v -0.210886 0.220571 0.258846
v -0.188665 0.232323 0.253973
v -0.032271 0.232991 0.367019
v 0.106920 0.550685 0.226061
v -0.576633 0.422453 0.113035
v 0.294940 0.231922 0.151919
v 0.351825 0.227454 0.158166
v -0.290232 0.245392 0.270490
v -0.027378 0.616793 0.166627
v -0.476608 0.563683 0.344461
v -0.477600 0.713043 0.290267
v 0.325136 0.217750 0.173221
v -0.348727 0.794630 -0.016042
v 0.168684 0.558721 0.176166
v -0.069262 0.621656 0.070922
v -0.290808 0.346570 -0.141057
v -0.247341 0.227757 0.269956
v -0.188731 0.268563 0.265698
v -0.305210 0.834913 0.039184
v -0.076549 0.255755 0.362875
v -0.041116 0.249308 0.373989
v -0.019312 0.249321 0.375242
v -0.166316 0.388612 -0.183136
v -0.107685 0.529938 0.244194
v -0.542689 0.482426 0.159542
v -0.479279 0.838836 -0.100213
v -0.608321 0.597623 0.124020
v -0.227125 0.590364 0.139574
v -0.319303 0.257385 0.268840
v -0.213300 0.278147 0.266288
v -0.047195 0.260502 0.373981
v 0.000141 0.257770 0.372207
v 0.027052 0.254022 0.363189
v -0.498387 0.723297 0.278190
v 0.264968 0.356009 -0.063143
v 0.241392 0.483637 0.002191
v -0.355529 0.265458 0.270557
v -0.275722 0.280344 0.276133
v -0.442102 0.791950 0.135458
v -0.064150 0.276136 0.370219
v -0.020953 0.272057 0.378774
v 0.086538 0.384068 0.332024
v -0.474185 0.389290 -0.095165
v -0.480426 0.655020 0.326999
v -0.166770 0.569574 0.168242
v -0.219486 0.918845 -0.024045
v -0.486451 0.869945 -0.172845
v -0.236487 0.268035 0.270991
v -0.114801 0.283511 0.361824
v -0.073405 0.298935 0.372221
v -0.000672 0.279613 0.375394
v 0.017664 0.293958 0.365901
v 0.035921 0.276485 0.363373
v -0.399297 0.778673 -0.122692
v -0.468653 0.693177 0.303051
v 0.101926 0.615923 0.085392
v -0.075500 0.411691 0.332826
v -0.380113 0.283893 0.277148
v -0.342691 0.286260 0.279558
v -0.327366 0.274880 0.278285
v -0.305794 0.271022 0.275011
v -0.290659 0.291962 0.273148
v -0.254932 0.287650 0.276872
v -0.098351 0.318699 0.367291
v -0.093914 0.277679 0.364444
v -0.038323 0.293523 0.373969
v 0.239830 0.497415 0.121353
v 0.015437 0.632779 0.077123
v -0.604109 0.544184 0.120391
v -0.412482 0.290837 0.271485
v -0.292728 0.315104 0.279217
v -0.235501 0.307161 0.278444
v -0.214463 0.314349 0.269993
v -0.198698 0.300169 0.269643
v -0.013275 0.306167 0.371286
v 0.052801 0.304606 0.357226
v -0.083564 0.531553 0.251078
v -0.503712 0.580476 0.336341
v -0.171476 0.787927 -0.027072
v -0.532033 0.533524 -0.014990
v -0.177654 0.299500 0.307699
v 0.008100 0.324536 0.370593
v 0.039680 0.321701 0.364252
v -0.402763 0.325759 0.285159
v -0.386209 0.303214 0.279185
v -0.356348 0.312626 0.290201
v -0.348362 0.303394 0.287728
v -0.322730 0.308187 0.285553
v -0.270921 0.306718 0.273889
v -0.253902 0.323154 0.280638
v -0.555837 0.482848 0.117700
v -0.559459 0.428215 0.022925
v -0.144593 0.320910 0.358621
v -0.109625 0.316215 0.371092
v -0.080032 0.333419 0.369440
v -0.048023 0.537994 0.253424
v -0.013839 0.502504 0.273763
v -0.488466 0.591494 0.342471
v -0.497101 0.634763 0.338440
v -0.394298 0.788054 0.145259
v -0.242165 0.605776 0.098836
v -0.013236 0.434779 0.294337
v -0.419271 0.329086 0.284623
v -0.373273 0.325173 0.285048
v -0.294693 0.331906 0.284877
v -0.225935 0.318359 0.276834
v -0.193417 0.334578 0.282204
v -0.573453 0.423647 0.061739
v -0.123444 0.322144 0.369115
v -0.538601 0.475502 0.004889
v -0.452305 0.544247 0.340064
v -0.229184 0.918747 -0.031402
v -0.456941 0.574185 0.343681
v 0.291163 0.387660 0.040214
v -0.345887 0.334220 0.292444
v -0.316110 0.339864 0.292570
v -0.237045 0.338974 0.281351
v -0.070140 0.356670 0.365555
v -0.024805 0.330614 0.368990
v -0.316234 0.543017 0.203735
v -0.276845 0.547191 0.197694
v -0.372129 0.787540 0.083755
v -0.163934 0.588255 0.000831
v 0.122650 0.605264 0.114743
v -0.383832 0.356790 0.291004
v -0.367268 0.351991 0.288318
v 0.023073 0.631248 0.046503
v -0.107626 0.346606 0.366043
v -0.054822 0.325470 0.371617
v 0.022629 0.340624 0.368024
v -0.183203 0.949395 -0.050622
v -0.493934 0.536743 0.332163
v 0.115278 0.370035 0.314252
v -0.260251 0.536454 0.209404
v 0.038130 0.631374 0.108531
v -0.553360 0.375214 -0.000303
v -0.324957 0.356785 0.291512
v -0.286649 0.349108 0.280478
v -0.271310 0.343024 0.274395
v -0.213264 0.339631 0.274561
v -0.188643 0.367163 0.285375
v -0.044489 0.328325 0.368800
v -0.042713 0.366917 0.366937
v -0.008025 0.358389 0.364823
v 0.060689 0.366355 0.349741
v 0.259301 0.443690 -0.012934
v -0.556260 0.523377 0.014258
v -0.577345 0.400574 0.091830
v -0.433077 0.797072 -0.040018
v -0.341493 0.370132 0.287518
v -0.237045 0.357058 0.279410
v -0.087903 0.362870 0.365612
v 0.150550 0.580573 0.160465
v -0.239038 0.603903 0.002288
v -0.475425 0.790851 0.092636
v -0.423143 0.370963 0.284442
v -0.380598 0.377338 0.292462
v -0.214428 0.355036 0.281894
v -0.205371 0.368902 0.284967
v -0.129165 0.351543 0.358612
v -0.072342 0.379504 0.361941
v 0.252293 0.482234 0.084782
v 0.184990 0.555165 0.158348
v -0.444741 0.793416 -0.012720
v -0.403937 0.371508 0.290885
v 0.196401 0.550446 0.134323
v -0.098322 0.375991 0.360082
v -0.036269 0.385108 0.360575
v 0.030959 0.374914 0.352973
v -0.440497 0.379572 0.273454
v -0.358835 0.378350 0.290654
v -0.334819 0.399446 0.283446
v -0.314872 0.371231 0.286794
v -0.292955 0.370703 0.279028
v -0.287168 0.395594 0.277220
v -0.254369 0.361643 0.278545
v -0.229932 0.381124 0.285387
v -0.000790 0.384889 0.357380
v 0.061353 0.399615 0.328429
v 0.138322 0.372979 0.309932
v -0.057950 0.875582 -0.146334
v -0.471054 0.790147 0.144629
v -0.417776 0.771405 -0.013142
v -0.447504 0.398060 0.271778
v -0.387822 0.400061 0.285034
v -0.188641 0.391917 0.289146
v -0.171351 0.385459 0.290141
v -0.092857 0.393834 0.348317
v -0.057216 0.399076 0.351236
v -0.007863 0.404247 0.347172
v 0.026113 0.401767 0.341500
v -0.029688 0.585417 0.215931
v -0.506002 0.682150 0.311777
v 0.069508 0.627389 0.092520
v -0.365286 0.405023 0.281706
v -0.234168 0.400982 0.281141
v -0.157277 0.402084 0.286651
v 0.070417 0.598648 0.192610
v -0.037818 0.411655 0.340254
v 0.109498 0.410084 0.306046
v -0.433721 0.423421 0.268326
v -0.354773 0.426432 0.277108
v -0.313640 0.405866 0.285029
v -0.357191 0.779849 0.104253
v -0.607975 0.571153 0.152042
v 0.085432 0.407708 0.314492
v 0.133146 0.406832 0.303014
v 0.047370 0.564106 0.232068
v -0.087050 0.614698 0.038507
v -0.129736 0.590320 0.152170
v -0.447955 0.846776 -0.111080
v -0.413052 0.414807 0.274593
v -0.335434 0.426865 0.275569
v -0.283790 0.425043 0.273420
v -0.256356 0.442642 0.261749
v -0.231798 0.427523 0.273112
v -0.199130 0.408846 0.288051
v -0.182838 0.414445 0.282308
v -0.165294 0.420450 0.285209
v -0.549870 0.498251 0.158295
v 0.046407 0.421392 0.312359
v 0.062259 0.435767 0.305608
v 0.087007 0.433679 0.306132
v 0.049925 0.631798 0.075368
v 0.005219 0.534117 0.259125
v -0.468689 0.852453 -0.117491
v -0.036132 0.627229 0.067840
v -0.169688 0.591245 0.112203
v -0.307011 0.433987 0.273198
v -0.267468 0.419362 0.269518
v -0.216641 0.453516 0.262805
v -0.147538 0.447118 0.280911
v -0.144259 0.417187 0.288789
v -0.121736 0.422125 0.287005
v -0.460826 0.284074 0.245534
v -0.470938 0.546593 0.342131
v -0.441684 0.654418 -0.053777
v -0.481793 0.479461 -0.058368
v -0.419057 0.806269 -0.081254
v -0.509197 0.757308 0.226768
v -0.478114 0.425153 0.247320
v -0.454525 0.435122 0.256715
v -0.380994 0.431411 0.275624
v -0.317313 0.457909 0.259988
v -0.188057 0.441482 0.275030
v -0.074831 0.435705 0.285085
v 0.033191 0.439323 0.293028
v -0.332204 0.460795 0.260284
v -0.130430 0.442580 0.281920
v 0.027427 0.462537 0.274582
v 0.108590 0.450521 0.292153
v -0.165542 0.594070 0.029376
v -0.465395 0.463372 0.242066
v -0.419222 0.452719 0.262223
v -0.391275 0.458889 0.263891
v -0.356804 0.452321 0.267828
v -0.285418 0.456601 0.266688
v -0.100078 0.456885 0.276877
v -0.049237 0.448395 0.281982
v -0.050349 0.462077 0.282722
v 0.062681 0.462521 0.281292
v 0.195471 0.528977 0.185050
v -0.306408 0.469757 0.259112
v -0.251457 0.472813 0.246739
v -0.166886 0.456277 0.272285
v -0.116494 0.461258 0.276125
v -0.097928 0.480858 0.273207
v -0.025147 0.465274 0.284153
v 0.000173 0.457569 0.282403
v 0.077274 0.454788 0.292856
v 0.096799 0.475642 0.269733
v 0.170877 0.572628 0.131590
v -0.233695 0.469665 0.249302
v -0.136291 0.488892 0.262658
v -0.082702 0.458237 0.280401
v 0.034093 0.489626 0.268849
v 0.057675 0.474594 0.266065
v -0.334423 0.819818 0.046074
v -0.349659 0.522402 0.224782
v 0.085324 0.619578 0.127019
v -0.447593 0.484602 0.241966
v -0.436682 0.476110 0.245261
v -0.411467 0.495665 0.242431
v -0.327390 0.488660 0.247061
v -0.060599 0.476669 0.280330
v 0.007587 0.488908 0.275222
v 0.063234 0.493518 0.257692
v 0.129869 0.476022 0.260133
v -0.017981 0.466006 -0.144886
v -0.354791 0.478694 0.254332
v -0.296536 0.487141 0.250006
v -0.273040 0.476312 0.254537
v -0.207476 0.486584 0.245804
v -0.198502 0.531794 0.211975
v -0.074888 0.492209 0.274012
v -0.189845 0.384666 -0.160838
v -0.516369 0.377658 -0.060769
v -0.321248 0.515330 0.226549
v -0.282067 0.828161 0.037231
v -0.374046 0.489593 0.245126
v -0.267664 0.507760 0.231423
v -0.160825 0.531501 0.219948
v -0.134710 0.519680 0.244322
v -0.048719 0.505118 0.271202
v 0.024300 0.508778 0.267686
v -0.405320 0.763528 -0.059592
v -0.381879 0.513955 0.233753
v -0.329517 0.389351 -0.140387
v -0.477029 0.327950 -0.097764
v -0.465423 0.653663 -0.050056
v -0.125209 0.882978 -0.135440
v -0.358233 0.745210 -0.012646
v 0.107659 0.022179 0.277401
v -0.337247 0.543261 0.217850
v -0.446425 0.383844 -0.106354
v 0.171465 0.538576 0.199132
v -0.152080 0.022568 0.349293
v -0.047593 0.035157 0.315649
v 0.085378 0.031704 0.287083
v 0.125715 0.046904 0.275082
v -0.412573 0.731611 0.248265
v -0.319842 0.016502 0.296463
v -0.279485 0.017726 0.284122
v -0.187387 0.593661 0.050072
v -0.011188 0.038308 0.304898
v -0.202295 0.774670 -0.030152
v 0.016658 0.476977 -0.132932
v -0.366438 0.719996 0.204759
v -0.364257 0.026737 0.302038
v -0.328779 0.030796 0.298597
v -0.328880 0.653674 0.177953
v -0.165454 0.034334 0.349401
v -0.145422 0.045656 0.348269
v -0.113656 0.034659 0.338060
v -0.127163 0.869305 -0.084000
v 0.153408 0.397932 0.298991
v 0.095117 0.059211 0.287141
v 0.139933 0.042725 0.263505
v -0.413304 0.365349 -0.121639
v 0.131081 0.431456 0.295206
v -0.234981 0.387660 -0.151825
v -0.096645 0.058272 0.331616
v -0.369876 0.579712 0.259537
v -0.349473 0.579571 0.242409
v 0.145958 0.065047 0.263880
v 0.185860 0.063309 0.207453
v -0.275876 0.798236 0.033556
v 0.059500 0.068295 0.290670
v 0.097078 0.078815 0.282519
v -0.411305 0.444951 -0.112794
v -0.219792 0.825426 -0.088942
v -0.530226 0.271408 0.106718
v -0.427705 0.579520 0.326528
v -0.100057 0.075765 0.326768
v 0.122107 0.069098 0.277461
v 0.166579 0.082497 0.246930
v 0.175913 0.071021 0.233224
v -0.292244 0.796143 0.046471
v 0.153896 0.468529 0.254032
v 0.139555 0.094113 0.262524
v 0.282464 0.098477 0.202200
v 0.310135 0.099549 0.181698
v 0.339735 0.091186 0.136771
v -0.340118 0.072151 0.284773
v -0.193995 0.896991 -0.041028
v -0.222615 0.780171 0.010647
v 0.068573 0.084982 0.299796
v 0.108014 0.096124 0.281775
v 0.185966 0.378001 0.283333
v -0.386661 0.604619 0.263019
v -0.237092 0.803047 0.027005
v -0.244403 0.828700 0.001592
v -0.142233 0.967325 -0.078027
v -0.157179 0.951085 -0.063423
v -0.289540 0.754721 0.049319
v 0.174159 0.114695 0.249993
v 0.307948 0.123941 0.198676
v 0.333547 0.098823 0.155781
v -0.435478 0.520619 0.309885
v -0.104879 0.817832 -0.062529
v -0.412395 0.866937 -0.262757
v -0.268787 0.751056 0.029291
v -0.227100 0.847655 -0.017296
v 0.266552 0.425503 0.156605
v 0.090672 0.122476 0.313484
v 0.125288 0.114718 0.289002
v 0.152749 0.115706 0.264839
v 0.221003 0.118650 0.211324
v 0.360987 0.126498 0.149651
v -0.257644 0.746328 0.010332
v -0.303130 0.596530 0.174086
v -0.178750 0.364763 -0.205864
v 0.123891 0.139524 0.307860
v 0.141189 0.131531 0.290960
v 0.201831 0.124669 0.238133
v 0.301016 0.136638 0.206286
v 0.334320 0.127333 0.180160
v -0.188791 0.824874 -0.013573
v -0.443196 0.716697 0.277666
v -0.361714 0.751350 0.192679
v 0.288480 0.395221 0.077572
v -0.269683 0.788855 0.041640
v -0.441058 0.576434 0.338282
v -0.413611 0.399783 -0.116860
v -0.118591 0.979910 -0.110549
v 0.075771 0.149277 0.334903
v -0.383037 0.557658 0.261581
v 0.381209 0.157525 0.130764
v 0.280931 0.411908 0.111698
v -0.169611 0.813453 -0.003345
v 0.096152 0.147161 0.319476
v 0.156673 0.138183 0.277958
v 0.186776 0.145709 0.260553
v -0.319380 0.619025 0.195205
v 0.263365 0.397592 0.184875
v 0.114667 0.159376 0.315231
v 0.216588 0.161127 0.247148
v 0.234724 0.151329 0.216766
v -0.414193 0.573505 0.309706
v -0.422060 0.687521 0.266488
v 0.327725 0.153339 0.193542
v 0.365595 0.151164 0.156710
v -0.318362 0.745726 0.072730
v -0.450033 0.650852 0.311363
v 0.126036 0.170730 0.313370
v 0.174270 0.170401 0.280329
v 0.372096 0.179691 0.156128
v -0.367175 0.597995 0.254345
v 0.151403 0.535597 0.216352
v -0.376091 0.679407 0.212483
v 0.041673 0.172624 0.353391
v 0.067130 0.165302 0.338582
v 0.149562 0.162024 0.295919
v 0.213147 0.182149 0.256634
v -0.415117 0.598290 0.300945
v -0.367916 0.529516 0.235432
v 0.351273 0.160015 0.178392
v -0.194400 0.881057 -0.047475
v -0.239188 0.814936 0.010383
v -0.361473 0.669446 0.206245
v -0.436588 0.696491 0.282997
v 0.064454 0.188351 0.348419
v 0.093680 0.179626 0.325786
v 0.193867 0.184702 0.268016
v 0.242040 0.177561 0.221699
v 0.347998 0.179682 0.182363
v 0.381389 0.190889 0.139097
v -0.157190 0.925050 -0.075605
v -0.085499 0.856274 -0.091093
v 0.253004 0.471923 0.131926
v -0.115920 0.949871 -0.116788
v 0.141295 0.176356 0.305023
v 0.227993 0.181221 0.242600
v -0.400908 0.660975 0.236761
v 0.366556 0.194517 0.163123
v -0.211597 0.812506 0.014168
v 0.072331 0.213180 0.348244
v 0.083346 0.197823 0.338303
v 0.129841 0.195551 0.309135
v 0.232058 0.213732 0.243732
v 0.257444 0.198840 0.204414
v -0.430304 0.635869 0.293402
v -0.268375 0.814396 0.022820
v 0.213174 0.478181 0.205894
v 0.159162 0.194539 0.291620
v 0.168430 0.222363 0.283221
v 0.215234 0.216216 0.256299
v 0.276854 0.213977 0.174146
v 0.352972 0.201007 0.174049
v -0.106643 0.836782 -0.059657
v -0.115421 0.823157 -0.043270
v 0.265257 0.412565 -0.025648
v 0.150871 0.235707 0.303283
v 0.245806 0.207337 0.226643
v 0.065448 0.572072 0.223975
v 0.376696 0.214194 0.141792
v 0.247091 0.329074 -0.093405
v 0.220153 0.409744 0.242499
v -0.202279 0.803551 0.012340
v -0.375838 0.693212 0.209277
v -0.431045 0.554644 0.332168
v -0.439256 0.535002 0.329982
v 0.106884 0.211153 0.329070
v 0.189423 0.212701 0.272813
v 0.238866 0.389718 -0.075311
v 0.363924 0.220120 0.154628
v -0.395425 0.720339 0.239579
v 0.054107 0.514951 0.256706
v 0.076168 0.241158 0.349911
v 0.191867 0.239391 0.268713
v 0.234139 0.243091 0.239430
v 0.257397 0.237118 0.211080
v -0.404892 0.672473 0.236617
v -0.102027 0.912901 -0.120341
v -0.595237 0.523913 0.109780
v -0.006126 0.437853 0.285720
v -0.411019 0.510953 0.245185
v -0.394137 0.538525 0.255812
v 0.135421 0.230929 0.316127
v 0.165526 0.238767 0.287331
v 0.212748 0.257800 0.261182
v 0.271954 0.233394 0.182684
v -0.358145 0.619449 0.236100
v -0.263220 0.843946 0.024158
v -0.040349 0.436597 0.285926
v -0.070877 0.855890 -0.103525
v -0.195800 0.844727 -0.034379
v 0.168444 0.434490 0.269225
v -0.423192 0.514517 0.273002
v 0.185886 0.407543 0.272608
v 0.098465 0.245357 0.340085
v 0.186969 0.261592 0.280282
v 0.289477 0.270805 0.149377
v -0.504639 0.748884 -0.016141
v -0.297363 0.770455 0.058079
v -0.337838 0.730849 0.122149
v -0.139293 0.800555 -0.044270
v 0.110809 0.254997 0.334339
v 0.146359 0.268434 0.318120
v 0.228834 0.255064 0.248253
v -0.577250 0.676470 0.161674
v -0.343307 0.636603 0.212746
v -0.243702 0.786911 0.028191
v -0.584144 0.655304 0.139863
v -0.408784 0.624674 0.268817
v 0.090795 0.278127 0.349787
v 0.116828 0.272675 0.338607
v 0.272301 0.292383 0.188289
v -0.336205 0.698400 0.132314
v 0.187489 0.502911 0.218084
v -0.353078 0.704033 0.186956
v 0.167107 0.270930 0.299438
v 0.201912 0.273326 0.275456
v 0.248020 0.271661 0.226115
v 0.299019 0.261534 0.118405
v -0.307437 0.627284 0.164655
v -0.073849 0.888781 -0.126461
v -0.236415 0.857111 -0.001818
v -0.300967 0.810514 0.050330
v -0.293976 0.729604 0.036457
v 0.267327 0.379496 -0.048117
v -0.414725 0.652192 0.257693
v -0.394349 0.633787 0.251050
v -0.308644 0.571645 0.186005
v -0.319567 0.589469 0.205006
v -0.458902 0.675030 0.308710
v 0.065246 0.276943 0.356467
v 0.115458 0.296609 0.340357
v 0.140253 0.301344 0.325299
v 0.163030 0.291502 0.309824
v 0.199243 0.293273 0.279905
v -0.402819 0.692263 0.238470
v -0.401033 0.794324 -0.115074
v 0.133262 0.455640 0.277427
v -0.410308 0.530126 0.274638
v 0.093051 0.300279 0.346783
v 0.185659 0.316199 0.287250
v 0.286752 0.311642 0.158393
v 0.293796 0.321264 0.127092
v -0.320399 0.561887 0.207488
v -0.188226 0.920321 -0.036282
v -0.375474 0.639763 0.238166
v 0.251574 0.409965 -0.050189
v -0.353042 0.562369 0.241603
v 0.085084 0.326894 0.342333
v -0.128547 0.847409 -0.064447
v 0.130010 0.548077 0.221087
v -0.360358 0.543212 0.240326
v 0.116412 0.323101 0.330850
v -0.411304 0.810150 -0.323560
v -0.119524 0.922465 -0.109950
v 0.185369 0.451977 0.245369
v 0.267166 0.447084 0.106952
v 0.157483 0.415956 0.288283
v 0.134991 0.340443 0.318898
v 0.196404 0.331722 0.277469
v 0.213081 0.324123 0.268604
v 0.238530 0.298931 0.239970
v -0.501389 0.516219 0.310659
v 0.188695 0.470806 0.236048
v -0.342413 0.670968 0.182349
v -0.406359 0.557737 0.291819
v -0.421891 0.541770 0.314398
v 0.215299 0.507962 0.179264
v 0.247810 0.348046 0.226987
v -0.399620 0.846731 -0.365441
v -0.147579 0.905667 -0.086646
v 0.282341 0.353852 -0.023036
v 0.253474 0.436876 0.177731
v 0.070551 0.338610 0.353086
v 0.155528 0.328710 0.311538
v 0.237132 0.423559 0.211839
v -0.335081 0.594284 0.223129
v -0.203739 0.857222 -0.036978
v 0.049290 0.341190 0.362022
v 0.108192 0.355495 0.325929
v 0.221948 0.344452 0.261749
v 0.233168 0.328365 0.244735
v 0.266165 0.452043 0.017263
v 0.159769 0.498493 0.236938
v -0.145805 0.831972 -0.039170
v -0.083178 0.937034 -0.145955
v -0.160885 0.882335 -0.073090
v -0.312676 0.722894 0.053970
v 0.080861 0.361619 0.344454
v 0.166909 0.354448 0.300978
v 0.211315 0.357588 0.272336
v -0.150592 0.822489 -0.020555
v -0.597340 0.554148 0.172908
v -0.479413 0.671423 -0.043029
v -0.596722 0.566255 0.188734
v -0.499175 0.800608 -0.091178
v -0.599355 0.577578 0.235615
v 0.183362 0.351408 0.285359
v 0.227412 0.369637 0.252779
v 0.101673 0.384905 0.322163
v 0.250210 0.396199 0.209791
v -0.396815 0.581871 0.277801
v -0.439611 0.606070 0.323516
v -0.133001 0.960165 -0.092246
v 0.097652 0.530128 0.238897
v -0.327189 0.769129 0.076230
v 0.194621 0.431890 0.254204
v -0.563998 0.399523 0.026006
v -0.387133 0.705145 0.228689
v -0.378056 0.727902 0.218104
v 0.209091 0.388341 0.263787
v -0.489754 0.751155 -0.108650
v 0.119968 0.011324 -0.055984
v 0.111022 0.011101 -0.094736
v 0.285955 0.369516 0.142553
v 0.247309 0.034141 0.019958
v 0.143169 0.020880 -0.013495
v 0.126674 0.030290 -0.080688
v 0.152776 0.040151 0.239650
v 0.301223 0.057587 0.042351
v 0.139480 0.026570 -0.030334
v 0.107337 0.030046 -0.128280
v -0.582238 0.516891 0.243337
v -0.584431 0.517329 0.066296
v -0.403463 0.924159 -0.373015
v -0.071555 0.944327 -0.167706
v -0.401666 0.765493 -0.145659
v -0.272732 0.396381 -0.145553
v 0.279290 0.053709 0.013311
v 0.282427 0.070911 -0.008143
v 0.139970 0.044439 -0.061047
v -0.072147 0.844846 -0.104197
v -0.402372 0.771499 -0.187064
v -0.059666 0.927152 -0.182375
v 0.267575 0.335269 -0.059076
v -0.524273 0.485483 0.189924
v 0.319818 0.066300 0.094076
v 0.341831 0.091664 0.032526
v 0.141779 0.060103 -0.093775
v 0.119382 0.030678 -0.110549
v -0.226437 0.764428 -0.000857
v 0.314486 0.075648 0.014853
v 0.205873 0.427911 -0.094322
v -0.091751 0.826616 -0.086117
v -0.313934 0.663474 0.043908
v -0.061826 0.907815 -0.183152
v 0.340630 0.083873 0.067270
v 0.331805 0.096422 0.006710
v 0.154254 0.415987 -0.134230
v 0.158485 0.068327 -0.069807
v 0.131324 0.065310 -0.131966
v -0.141166 0.498900 -0.127057
v -0.347275 0.750124 0.161707
v 0.349096 0.091828 0.112791
v 0.365975 0.109521 0.068556
v 0.296375 0.094187 -0.024976
v -0.540717 0.500298 0.184014
v 0.188422 0.089745 -0.054887
v 0.183566 0.093727 -0.082879
v 0.171840 0.090757 -0.105977
v 0.142183 0.073890 -0.113078
v 0.123346 0.087923 -0.142664
v -0.101813 0.433456 -0.153047
v -0.403285 0.894075 -0.340542
v -0.402198 0.734886 -0.049416
v 0.294159 0.352315 0.084664
v -0.318830 0.705084 0.057884
v -0.533905 0.503733 0.285277
v -0.336530 0.752186 0.112563
v -0.410398 0.738491 -0.130121
v -0.332185 0.673658 0.152647
v -0.396856 0.913708 -0.391142
v 0.364648 0.107005 0.100408
v 0.356475 0.115331 0.020684
v 0.324608 0.124169 -0.022041
v -0.404368 0.863817 -0.294906
v 0.364617 0.113806 0.128638
v 0.367119 0.116375 0.046795
v 0.340968 0.118443 -0.004004
v -0.251084 0.001476 -0.187357
v 0.191860 0.108289 -0.090257
v -0.443811 0.010187 -0.033589
v 0.379493 0.141700 0.120299
v -0.168765 0.577769 -0.028860
v -0.344115 0.712675 0.156512
v 0.375308 0.124395 0.097943
v 0.385764 0.150321 0.086075
v 0.351907 0.145189 -0.004268
v 0.172731 0.115377 -0.130532
v -0.056099 0.899137 -0.172302
v -0.496990 0.247906 0.170342
v -0.406870 0.809201 -0.277087
v 0.230348 0.145436 -0.058056
v 0.210308 0.130112 -0.071002
v 0.191856 0.122570 -0.104669
v 0.382154 0.147241 0.060983
v 0.370434 0.144979 0.025963
v 0.187488 0.139808 -0.116391
v -0.111116 0.397875 -0.206986
v -0.554223 0.491247 0.049404
v 0.390904 0.181525 0.100583
v 0.384045 0.173960 0.037672
v 0.369690 0.170348 0.012184
v 0.250492 0.169672 -0.041450
v 0.197809 0.153290 -0.106562
v -0.179096 0.562193 -0.058159
v -0.568953 0.449047 0.112952
v 0.392090 0.181327 0.067504
v 0.231692 0.170166 -0.077197
v 0.156451 0.147852 -0.156470
v -0.399674 0.871638 -0.339465
v -0.584199 0.511065 0.104127
v -0.570724 0.501279 0.081794
v 0.384215 0.190699 0.038365
v 0.199600 0.174047 -0.116976
v -0.603667 0.588390 0.169104
v -0.601177 0.559057 0.244585
v -0.059541 0.900613 -0.156102
v -0.527310 0.279479 0.150398
v -0.238644 0.755429 -0.013143
v 0.387670 0.207434 0.119560
v 0.386016 0.212142 0.054924
v 0.262600 0.199576 -0.036075
v 0.224150 0.191744 -0.094488
v -0.399192 0.815844 -0.166479
v -0.493753 0.773553 -0.083212
v 0.245858 0.201747 -0.071878
v 0.205850 0.200748 -0.119174
v -0.536470 0.730292 0.019842
v -0.561607 0.465054 0.062995
v -0.460921 0.951630 -0.357899
v -0.552422 0.587517 -0.017635
v 0.391769 0.208164 0.090153
v 0.257461 0.223422 -0.061736
v 0.225671 0.220642 -0.101174
v -0.592354 0.605984 0.235198
v -0.402713 0.839468 -0.320409
v -0.459118 0.734542 -0.177993
v -0.324908 0.668457 0.012596
v -0.325733 0.697109 0.105099
v 0.386335 0.225624 0.104325
v -0.396143 0.897668 -0.375879
v 0.161218 0.208749 -0.152042
v -0.482883 0.750860 -0.179038
v -0.401424 0.172416 0.131920
v -0.399981 0.018685 0.283326
v 0.376580 0.242870 0.084333
v -0.233046 0.576266 -0.053498
v 0.188479 0.221348 -0.131723
v -0.268893 0.594872 -0.045283
v -0.478843 0.844008 -0.246693
v -0.063121 0.875713 -0.159708
v -0.577877 0.562823 0.022726
v -0.401981 0.839756 -0.262070
v 0.280718 0.374043 -0.017075
v -0.312455 0.670987 0.085444
v -0.576169 0.664409 0.196492
v -0.478867 0.793409 -0.162356
v 0.241133 0.255172 -0.081512
v 0.169805 0.236769 -0.154044
v -0.309805 0.714317 0.027416
v -0.593628 0.532711 0.231225
v -0.459999 0.260369 0.232045
v -0.400351 0.796321 -0.217948
v -0.062586 0.863480 -0.124896
v 0.279605 0.246029 -0.014389
v 0.269478 0.232429 -0.039736
v 0.216147 0.253343 -0.109894
v 0.191372 0.244937 -0.137295
v -0.190051 0.786803 -0.007687
v -0.557352 0.459673 0.038591
v -0.354235 0.729520 0.183462
v 0.285163 0.333300 -0.013658
v 0.279103 0.272701 -0.025059
v 0.084490 0.371505 -0.188823
v -0.432671 0.371622 -0.112417
v -0.585900 0.575634 0.039350
v 0.294299 0.265436 0.016820
v -0.600210 0.559476 0.072360
v 0.287949 0.382265 0.115036
v -0.072532 0.845330 -0.117674
v 0.293597 0.344582 0.025072
v 0.298381 0.282786 0.044603
v 0.259861 0.252229 -0.059919
v 0.278805 0.425438 0.032354
v -0.329705 0.720353 0.092118
v 0.288319 0.381582 0.014493
v 0.280123 0.376240 0.158300
v 0.262891 0.464535 0.048431
v -0.552299 0.404733 -0.004291
v 0.262698 0.289893 -0.052983
v 0.229260 0.274329 -0.093120
v -0.598253 0.562487 0.210904
v -0.401765 0.762052 -0.094656
v 0.290043 0.305808 0.003943
v 0.243947 0.297780 -0.085733
v 0.218463 0.291061 -0.113749
v -0.587336 0.699687 0.140180
v -0.477410 0.933130 -0.347820
v -0.398476 0.820199 -0.219637
v -0.320926 0.694052 0.034150
v 0.264917 0.367210 0.192814
v -0.470391 0.203331 0.121246
v -0.586726 0.680044 0.112062
v 0.276617 0.434799 0.061126
v -0.467418 0.919722 -0.345363
v -0.489400 0.755904 -0.058195
v -0.550085 0.446025 0.008990
v -0.496900 0.518856 -0.029784
v 0.298563 0.291354 0.095388
v 0.271636 0.309618 -0.043023
v 0.235619 0.312576 -0.104699
v -0.241402 0.076703 -0.156290
v -0.549305 0.684569 0.016004
v -0.408441 0.848281 -0.212210
v -0.397333 0.795273 -0.167379
v 0.296225 0.345119 0.054341
v 0.287920 0.326682 0.005333
v -0.289286 0.727396 0.011040
v -0.413672 0.941846 -0.378877
v -0.432678 0.949526 -0.365253
v -0.417991 0.937436 -0.360509
v -0.415264 0.899435 -0.317560
v -0.454039 0.949429 -0.343023
v -0.485570 0.766333 0.221750
v -0.104979 0.612252 0.107627
v -0.400718 0.790062 0.116341
v -0.361331 0.775926 0.163659
v -0.240484 0.898975 -0.005589
v -0.478406 0.944017 -0.327683
v -0.509895 0.785976 0.097681
v -0.467741 0.780949 0.190880
v -0.436986 0.927346 -0.324981
v -0.048607 0.430124 0.306354
v -0.384329 0.781780 0.170136
v -0.499204 0.773664 0.199306
v -0.525744 0.781825 0.127069
v -0.465920 0.809154 -0.034993
v -0.088435 0.976522 -0.164823
v -0.280399 0.586875 0.145271
v -0.445795 0.787397 0.010560
v -0.475757 0.786092 0.015154
v -0.439916 0.908700 -0.292661
v -0.387407 0.769390 0.212161
v -0.151340 0.597471 0.107177
v -0.469493 0.935449 -0.311001
v -0.494126 0.928918 -0.303964
v 0.089712 0.608789 0.161988
v -0.557166 0.487231 0.077288
v -0.202299 0.566866 0.167542
v -0.316779 0.665304 0.124596
v -0.276950 0.617666 0.059802
v -0.421388 0.776485 0.005895
v -0.242603 0.585034 0.156849
v 0.061336 0.624983 0.133634
v -0.011597 0.629849 0.105544
v 0.023373 0.627236 0.136560
v -0.597854 0.538544 0.076700
v -0.424094 0.787775 0.167842
v -0.558420 0.702869 0.054400
v -0.456297 0.788073 0.044550
v -0.052151 0.624252 0.108844
v -0.285695 0.596905 0.134152
v -0.453011 0.760563 0.236877
v -0.098126 0.974747 -0.142294
v -0.111415 0.989970 -0.128878
v -0.539060 0.767816 0.049548
v -0.568538 0.412883 0.036634
v -0.570273 0.680278 0.068644
v -0.437259 0.790944 0.092097
v -0.042490 0.599169 0.194993
v -0.572511 0.662639 0.046111
v -0.498069 0.792588 -0.122394
v -0.601091 0.546225 0.150713
v -0.151645 0.601123 0.070942
v -0.429299 0.891365 -0.271771
v -0.446004 0.896315 -0.251680
v 0.368876 0.242362 0.051807
v -0.486354 0.941794 -0.338052
v -0.205331 0.599001 0.064597
v -0.057988 0.619203 0.142097
v 0.221440 0.505731 -0.014455
v -0.525216 0.410043 -0.044349
v -0.150303 0.965759 -0.115624
v -0.397657 0.788852 0.071606
v -0.573029 0.367356 0.136793
v 0.376571 0.222750 0.036931
v -0.277692 0.608420 0.108651
v 0.198924 0.529015 -0.020506
v -0.571770 0.395727 0.051181
v -0.591664 0.539061 0.198754
v -0.465020 0.912572 -0.270498
v -0.448614 0.771208 0.218471
v 0.387574 0.223148 0.073894
v -0.258567 0.598309 0.126488
v 0.211725 0.535555 0.028680
v -0.469790 0.719733 -0.100990
v -0.550087 0.464345 0.150252
v -0.490615 0.499958 -0.040463
v -0.558264 0.761291 0.166924
v 0.360542 0.251855 0.068831
v -0.352504 0.785041 0.081363
v 0.236949 0.500792 0.024946
v 0.203222 0.540042 0.010873
v -0.508034 0.398044 -0.068386
v -0.576781 0.709554 0.199498
v -0.134771 0.983244 -0.097008
v -0.457148 0.824623 -0.062786
v -0.457511 0.889144 -0.211363
v -0.198509 0.594161 0.107054
v -0.351290 0.770509 0.145183
v -0.010025 0.606459 0.188584
v 0.187924 0.559542 0.039427
v 0.165961 0.565687 -0.000234
v -0.576206 0.425827 0.086561
v -0.486604 0.886494 -0.212112
v -0.184476 0.551395 0.192811
v 0.135923 0.589882 0.007095
v -0.595055 0.545956 0.265796
v 0.015544 0.429832 0.302802
v -0.365311 0.768762 0.191139
v -0.369421 0.783963 0.124650
v -0.235156 0.570665 0.178506
v -0.478079 0.903275 -0.245058
v 0.332471 0.257774 0.081920
v -0.426392 0.785659 0.046165
v 0.232898 0.510427 0.067683
v 0.107832 0.602274 0.001440
v -0.521042 0.706237 -0.009879
v -0.591938 0.708378 0.114769
v -0.560117 0.769418 0.100130
v -0.424535 0.865124 -0.197138
v -0.504588 0.872197 -0.216527
v -0.468138 0.735385 0.269101
v 0.377002 0.236512 0.114698
v 0.366730 0.248229 0.110568
v 0.354291 0.255612 0.098209
v 0.306085 0.259030 0.080187
v 0.079473 0.616074 0.008603
v -0.514738 0.451435 -0.042755
v -0.494511 0.784190 0.051406
v 0.140294 0.565413 0.199202
v -0.485513 0.747344 0.252728
v -0.167210 0.962438 -0.087356
v -0.438571 0.878700 -0.204033
v 0.108579 0.589198 0.183376
v 0.348466 0.253820 0.120494
v 0.325928 0.257137 0.104294
v -0.384373 0.791517 0.051099
v 0.163494 0.581947 0.064394
v 0.124266 0.602245 0.035837
v -0.585493 0.701204 0.167781
v -0.300289 0.642976 0.108956
v -0.155516 0.969409 -0.074477
v 0.055986 0.615481 0.168740
v 0.016076 0.621222 0.160291
v 0.369940 0.231879 0.136463
v -0.550472 0.773233 0.131462
v 0.212095 0.537867 0.059967
v 0.156418 0.582141 0.031458
v -0.308141 0.641763 0.147562
v -0.409915 0.837241 -0.167168
v -0.429677 0.846611 -0.133350
v -0.441928 0.863039 -0.154566
v -0.469377 0.878127 -0.174267
v 0.310987 0.252625 0.109634
v -0.176652 0.578690 0.139723
v -0.290800 0.630311 0.071902
v 0.188715 0.561494 0.079344
v 0.088236 0.620170 0.044723
v 0.054325 0.628152 0.040483
v 0.006247 0.626431 0.016686
v 0.019871 0.417830 0.326010
v -0.338168 0.771310 0.083395
v -0.453898 0.874326 -0.168660
v 0.350678 0.244682 0.137932
v 0.291341 0.241863 0.145348
v 0.124638 0.605403 0.072873
v -0.601767 0.602355 0.087122
v -0.563859 0.467068 0.088031
v -0.147418 0.368335 0.337266
v -0.400610 0.777541 0.198934
v -0.295793 0.562480 0.178470
v 0.327598 0.249119 0.133410
v -0.578066 0.684930 0.189072
v -0.343993 0.768950 0.104597
v -0.098231 0.608405 0.138990
v 0.217167 0.530303 0.110838
v 0.154828 0.588012 0.100107
v -0.542969 0.414278 -0.021135
v -0.233682 0.607930 0.063544
v -0.252816 0.611199 0.032478
v -0.217235 0.930287 -0.052770
v -0.480534 0.793201 -0.016744
v -0.301625 0.640623 0.052391
v -0.548153 0.772097 0.081635
v -0.070099 0.602394 0.177892
v -0.020046 0.626985 0.036402
v -0.572604 0.409638 0.135983
v -0.418105 0.006400 0.100046
v -0.414808 0.009985 0.156581
v -0.430463 0.015206 0.218366
v 0.127980 0.406292 -0.146994
v -0.249468 0.820344 -0.079722
v -0.496026 0.624986 -0.044881
v -0.467961 0.012003 0.045350
v -0.446475 0.012362 0.077685
v -0.413908 0.015239 0.114104
v -0.430961 0.024767 0.214798
v -0.405957 0.035630 0.275512
v -0.462881 0.020971 0.056103
v -0.420427 0.024197 0.167430
v -0.428302 0.026925 0.191094
v -0.416475 0.039360 0.254248
v -0.388007 0.049438 0.285744
v -0.389120 0.031639 0.291886
v -0.237119 0.355615 -0.153980
v -0.254785 0.025888 0.276565
v -0.464583 0.026024 0.025668
v -0.462503 0.038206 0.038800
v -0.459099 0.037595 0.052345
v -0.445128 0.031798 0.069471
v -0.433859 0.029698 0.087309
v -0.394328 0.027426 0.127157
v -0.252752 0.057209 0.267566
v -0.226730 0.032561 0.307928
v -0.186766 0.037077 0.343902
v -0.117564 0.412587 0.302221
v -0.431684 0.575764 -0.057465
v -0.411288 0.030394 0.107046
v -0.415553 0.049965 0.182202
v -0.553868 0.409560 0.176856
v -0.241924 0.043115 0.285762
v -0.221492 0.047642 0.312400
v -0.201100 0.043582 0.331022
v -0.451560 0.055057 0.043156
v -0.518535 0.414561 0.217052
v -0.169491 0.284446 0.311951
v -0.241926 0.059338 0.277323
v -0.168874 0.057804 0.343942
v -0.449237 0.053819 0.020531
v -0.433234 0.054410 0.066065
v -0.563862 0.441988 0.142055
v -0.154468 0.291987 0.345358
v -0.392888 0.063807 0.275324
v -0.201390 0.066504 0.321142
v -0.488539 0.451588 0.232697
v -0.402712 0.053848 0.094488
v -0.393851 0.070018 0.080135
v 0.166794 0.361727 -0.146452
v -0.500896 0.314016 0.230934
v -0.389526 0.079883 0.258617
v -0.161162 0.311195 0.344625
v -0.222265 0.071126 0.293028
v -0.192520 0.085436 0.308020
v -0.097538 0.428298 0.287076
v -0.434201 0.068628 0.049001
v -0.373216 0.083257 0.071366
v -0.334266 0.841141 0.011282
v -0.355934 0.095768 0.248482
v -0.508664 0.549216 0.326573
v -0.175658 0.351281 0.309070
v -0.487296 0.814336 -0.067341
v -0.233216 0.083649 0.262824
v -0.164111 0.368611 0.315151
v -0.516413 0.536509 0.314571
v -0.338771 0.090569 0.095853
v -0.206716 0.109174 0.253796
v -0.203131 0.086391 0.291933
v -0.131096 0.390040 0.332803
v -0.465415 0.374279 0.267687
v -0.346064 0.102054 0.078715
v -0.531596 0.569807 0.318459
v -0.320971 0.104506 0.238930
v -0.208577 0.097633 0.274326
v -0.149169 0.393371 0.305517
v -0.557034 0.375348 0.172961
v -0.372313 0.097923 0.046941
v -0.561055 0.357220 0.160502
v -0.595035 0.589286 0.263118
v -0.102333 0.409536 0.323454
v -0.178825 0.109433 0.279595
v -0.554271 0.703787 0.257075
v -0.484461 0.364713 0.255341
v -0.576928 0.733922 0.178663
v -0.343769 0.118617 0.075674
v -0.323644 0.128530 0.104865
v -0.554705 0.730074 0.224672
v -0.451173 0.338930 0.272079
v -0.325131 0.118008 0.219579
v -0.537370 0.748774 0.217665
v -0.188210 0.120803 0.242802
v -0.572624 0.554219 0.300364
v -0.501209 0.904065 -0.267584
v -0.538139 0.390865 0.199329
v -0.361697 0.128584 0.047556
v -0.509222 0.739514 0.254580
v -0.438048 0.350157 0.280797
v -0.284566 0.382843 -0.144332
v -0.558699 0.636914 0.301802
v -0.597722 0.563192 0.268557
v -0.328279 0.123792 0.093256
v -0.321029 0.146457 0.216913
v -0.579124 0.616145 0.277545
v -0.180981 0.135553 0.237316
v -0.166871 0.149347 0.252769
v -0.539972 0.572376 -0.024064
v -0.525478 0.623070 0.336216
v -0.331964 0.144115 0.102575
v -0.507042 0.908813 -0.300671
v -0.341327 0.151630 0.135398
v -0.341770 0.167827 0.169096
v -0.336300 0.146855 0.172067
v -0.307811 0.183250 0.236793
v -0.538924 0.307272 0.174270
v -0.118313 0.154513 0.321026
v -0.516539 0.368020 0.223163
v -0.540682 0.340613 0.188522
v -0.357628 0.166965 0.148498
v -0.530459 0.719938 0.261915
v -0.156037 0.249855 0.307595
v -0.163556 0.187267 0.262187
v -0.587903 0.575970 0.284591
v -0.297243 0.868696 0.004757
v -0.566596 0.709467 0.230353
v -0.561186 0.674687 0.272988
v -0.101385 0.176014 0.337815
v -0.540626 0.593969 0.325396
v -0.405043 0.510949 -0.087771
v -0.522758 0.330036 0.213573
v -0.571333 0.533550 0.292834
v -0.130753 0.185329 0.311021
v -0.081411 0.181253 0.351095
v -0.454746 0.311457 0.261978
v -0.541135 0.643666 0.316836
v -0.364877 0.095586 0.236156
v 0.064153 0.488082 -0.125622
v -0.360799 0.015345 0.299177
v -0.490305 0.839126 -0.116257
v -0.540595 0.447502 0.180878
v -0.569324 0.602460 0.297662
v -0.510455 0.468739 0.206762
v -0.569028 0.393176 0.153175
v -0.574860 0.677207 0.242940
v -0.124644 0.377940 0.347202
v -0.375878 0.370214 -0.135143
v -0.174479 0.215956 0.255929
v -0.138159 0.943397 -0.140199
v -0.050473 0.488365 -0.143122
v -0.154751 0.338406 0.346530
v -0.390186 0.787945 0.027961
v -0.557305 0.568640 0.312313
v -0.477926 0.750514 -0.210371
v -0.132768 0.296970 0.361351
v -0.540845 0.682140 0.289614
v -0.147949 0.013511 0.341041
v -0.555786 0.605227 0.313291
v -0.424022 0.474540 -0.092365
v -0.138577 0.262275 0.340990
v -0.493019 0.798803 -0.058289
v -0.498129 0.335821 0.241405
v -0.542866 0.619380 0.325675
v -0.523968 0.306199 0.201634
v -0.527081 0.439537 0.199595
v -0.556425 0.435642 0.163947
v -0.522184 0.680573 0.305518
v -0.509046 0.395403 0.228598
v -0.473770 0.399156 0.259403
v -0.339817 0.352760 -0.141191
v -0.493127 0.283671 0.217714
v -0.140577 0.471200 -0.144034
v -0.570026 0.751092 0.168013
v -0.155335 0.221712 0.291450
v -0.129139 0.219536 0.332653
v -0.539169 0.561167 0.317249
v -0.094547 0.909779 -0.167553
v -0.176734 0.326230 0.314463
v -0.270518 0.354326 -0.142740
v -0.204461 0.445604 -0.144197
v -0.179923 0.457179 -0.147285
v -0.476030 0.558846 -0.050868
v -0.297552 0.461416 -0.131974
v -0.176842 0.256308 0.275084
v -0.293737 0.007727 -0.137816
v -0.290255 0.035342 -0.136104
v -0.299735 0.021041 -0.114692
v -0.570061 0.516605 0.037563
v 0.333820 0.253907 0.058477
v -0.454063 0.025235 -0.006012
v -0.393022 0.032792 0.144949
v -0.501230 0.882126 -0.278159
v -0.282515 0.877456 -0.047111
v -0.500523 0.926637 -0.323982
v -0.261540 0.034496 -0.176534
v -0.285241 0.016727 -0.156454
v -0.429869 0.044459 -0.032372
v -0.446688 0.051192 0.001244
v -0.487966 0.811325 -0.173590
v -0.406981 0.039194 0.162449
v -0.466434 0.763349 -0.268007
v -0.264827 0.051544 -0.155220
v -0.303141 0.034538 -0.090425
v -0.577759 0.612713 0.029325
v -0.496653 0.775133 -0.014819
v -0.452362 0.872755 -0.330127
v -0.417984 0.052808 0.203964
v -0.271902 0.584197 -0.061675
v -0.310103 0.589577 -0.054239
v -0.271917 0.063255 -0.138755
v -0.434257 0.067707 0.010155
v -0.473425 0.781200 -0.193171
v -0.357087 0.060625 0.123445
v -0.387503 0.050840 0.148074
v -0.422473 0.047733 0.227824
v -0.516517 0.753862 0.003904
v -0.284051 0.054257 -0.116081
v -0.291503 0.057510 -0.091565
v -0.536148 0.445873 -0.021246
v -0.422372 0.077987 0.029401
v -0.486592 0.764285 -0.092856
v -0.351414 0.079987 0.152327
v -0.402962 0.065694 0.183813
v -0.405340 0.075118 0.223356
v -0.409891 0.064417 0.244974
v -0.388713 0.072323 -0.026654
v -0.407981 0.077485 0.003124
v -0.401578 0.083874 0.046386
v -0.587074 0.743933 0.138744
v -0.368320 0.080367 0.173311
v -0.369497 0.088774 0.192823
v -0.254947 0.905219 -0.048869
v -0.578284 0.676596 0.220252
v -0.597382 0.623486 0.162461
v -0.595313 0.606932 0.191931
v -0.219062 0.048296 -0.191342
v -0.581887 0.535677 0.036613
v -0.377492 0.091559 0.001370
v -0.462696 0.726625 -0.139137
v -0.337972 0.076836 0.114096
v -0.383288 0.088634 0.220450
v -0.371072 0.807919 0.026850
v -0.522276 0.488530 -0.013025
v -0.334838 0.081035 0.125289
v -0.334361 0.096961 0.139647
v -0.500931 0.793754 -0.107083
v -0.241377 0.091241 -0.110619
v -0.508838 0.773691 0.025724
v -0.371812 0.108939 0.029745
v -0.339492 0.108998 0.187383
v -0.341900 0.100833 0.219128
v -0.474173 0.872065 -0.288957
v -0.351074 0.092237 -0.038182
v -0.337475 0.113196 0.157960
v -0.510475 0.863332 -0.229055
v 0.060715 0.580369 -0.063409
v -0.211052 0.486592 -0.122193
v -0.200845 0.103660 -0.125196
v 0.296734 0.234019 0.019446
v 0.216276 0.491080 -0.045090
v -0.355115 0.124048 -0.025457
v -0.367054 0.103972 -0.009883
v -0.324429 0.100381 0.110732
v -0.326395 0.105699 0.123694
v -0.334731 0.127642 0.185182
v -0.436640 0.850240 -0.357820
v -0.195284 0.119781 -0.114031
v -0.058761 0.502400 -0.132527
v -0.368160 0.134736 0.015092
v -0.211263 0.929347 -0.075011
v -0.187144 0.114357 -0.143058
v -0.202456 0.117750 -0.089585
v -0.359159 0.151248 -0.021618
v -0.328465 0.130796 0.127429
v -0.573344 0.762236 0.129580
v -0.497722 0.904755 -0.308800
v -0.506913 0.842951 -0.205313
v -0.177702 0.132138 -0.162229
v -0.351351 0.140756 0.066619
v -0.561513 0.626084 0.005880
v -0.580660 0.640222 0.038203
v -0.595002 0.634888 0.099544
v -0.313782 0.846295 -0.032638
v -0.348789 0.170443 -0.049024
v -0.370513 0.155761 0.056292
v -0.559922 0.677161 0.029401
v -0.599885 0.628237 0.128501
v -0.588870 0.642403 0.159268
v 0.140731 0.542968 -0.064610
v -0.191257 0.158475 -0.137482
v -0.201852 0.139795 -0.092818
v -0.380629 0.165768 0.016863
v -0.582159 0.659441 0.091277
v -0.397191 0.885802 -0.397899
v -0.426226 0.851801 -0.378320
v -0.158310 0.945216 -0.120810
v -0.104068 0.964117 -0.167969
v -0.198755 0.151339 -0.115056
v 0.067506 0.404109 -0.167077
v -0.370885 0.167674 -0.006958
v -0.575093 0.664247 0.167424
v 0.028201 0.454031 -0.138797
v -0.583032 0.638571 0.200517
v -0.585731 0.677454 0.132651
v -0.607937 0.597473 0.143223
v -0.582773 0.630013 0.246037
v -0.290833 0.571864 -0.074636
v 0.073207 0.417420 -0.148532
v -0.253063 0.423489 -0.141362
v -0.422609 0.806611 -0.358684
v -0.499377 0.832622 -0.133891
v -0.313395 0.860277 -0.016294
v -0.496238 0.773973 -0.058567
v -0.437066 0.798709 -0.348245
v 0.341305 0.204447 -0.003298
v -0.187436 0.177699 -0.160750
v -0.200416 0.203340 -0.146770
v 0.156437 0.445919 -0.118145
v -0.357866 0.819055 0.008878
v -0.429920 0.818452 -0.366699
v -0.504478 0.820539 -0.154825
v -0.118189 0.555747 -0.071676
v 0.140073 0.490444 -0.097290
v -0.441144 0.814541 -0.349707
v -0.164152 0.172050 -0.199112
v -0.171214 0.203502 -0.204274
v -0.183377 0.184895 -0.180234
v -0.210343 0.178863 -0.099689
v -0.457205 0.532718 -0.051328
v -0.450161 0.811853 -0.318803
v -0.195629 0.220345 -0.178405
v -0.212740 0.211768 -0.118607
v 0.087306 0.445225 -0.139211
v 0.286484 0.233661 0.006113
v -0.014192 0.507187 -0.126820
v -0.464663 0.216164 -0.004662
v -0.507700 0.900577 -0.275595
v -0.536809 0.755958 0.027177
v -0.564079 0.646466 0.015466
v 0.169974 0.329159 -0.149354
v -0.483197 0.237921 -0.014744
v -0.352078 0.374321 -0.142561
v -0.472495 0.766228 -0.230328
v -0.480936 0.894437 -0.306757
v -0.185022 0.224143 -0.197470
v 0.112074 0.444621 -0.138620
v -0.524200 0.254732 0.045816
v -0.483719 0.777612 -0.122407
v -0.590641 0.634944 0.068627
v -0.005319 0.397559 -0.206799
v -0.500727 0.261015 -0.034361
v -0.515177 0.252989 0.019624
v -0.526587 0.257605 0.072005
v -0.475313 0.737498 -0.130547
v -0.589049 0.741537 0.104959
v -0.586084 0.727153 0.095534
v -0.442184 0.913421 -0.368926
v -0.175818 0.476968 -0.137278
v 0.138335 0.575436 -0.018913
v -0.510032 0.259242 -0.005453
v -0.529400 0.273882 0.011364
v -0.540193 0.278902 0.057793
v -0.581927 0.747936 0.084090
v 0.005472 0.536484 -0.111844
v -0.481108 0.761887 -0.184812
v -0.187646 0.254083 -0.215173
v -0.201171 0.260953 -0.195726
v -0.210349 0.247832 -0.160417
v -0.519804 0.277844 -0.019276
v -0.577316 0.712119 0.080564
v -0.499241 0.729140 -0.028091
v -0.470261 0.805169 -0.220044
v 0.046026 0.523466 -0.118350
v -0.222580 0.274761 -0.144332
v -0.541188 0.304821 0.014806
v -0.540219 0.281924 0.030109
v -0.556115 0.305732 0.067965
v -0.555192 0.299283 0.093159
v -0.526041 0.286507 0.172420
v 0.172026 0.510589 -0.067799
v -0.490551 0.794080 -0.138186
v -0.580678 0.756681 0.101622
v -0.459038 0.837435 -0.292626
v -0.214247 0.279556 -0.178750
v -0.472628 0.299623 -0.088703
v -0.511482 0.300042 -0.045239
v -0.555018 0.316795 0.126072
v -0.544057 0.304436 0.143088
v -0.460296 0.798210 -0.272128
v -0.474469 0.823610 -0.227650
v 0.107944 0.492695 -0.109798
v -0.199847 0.280508 -0.211703
v -0.402286 0.915474 -0.396653
v -0.113461 0.524956 -0.110992
v -0.531275 0.305380 -0.015508
v -0.506921 0.690027 -0.029696
v -0.186637 0.294873 -0.226110
v -0.201440 0.302392 -0.207612
v -0.214555 0.297286 -0.175122
v -0.288348 0.544323 -0.094998
v -0.514306 0.326994 -0.056518
v -0.548616 0.324356 -0.000501
v -0.559804 0.327756 0.080116
v -0.559147 0.316920 0.097891
v -0.549029 0.333122 0.165660
v -0.496579 0.318667 -0.073870
v -0.533999 0.321860 -0.028183
v -0.555959 0.316320 0.041054
v -0.588088 0.696107 0.101114
v -0.481503 0.712500 -0.046129
v -0.538335 0.647655 -0.010886
v -0.489024 0.759980 -0.128256
v -0.483343 0.768917 -0.125135
v -0.337486 0.568070 -0.069660
v -0.198269 0.334741 -0.196802
v -0.210245 0.312259 -0.187729
v -0.557729 0.344501 0.005913
v -0.080651 0.469676 -0.144248
v -0.571477 0.725879 0.063723
v -0.552277 0.732758 0.042565
v -0.564544 0.755272 0.065494
v -0.387799 0.012979 0.289703
v -0.569531 0.344041 0.052272
v -0.572939 0.349823 0.091777
v -0.567704 0.342475 0.099777
v -0.561189 0.341303 0.144640
v -0.481317 0.733746 -0.091428
v -0.223904 0.325763 -0.156777
v -0.548117 0.363997 -0.019398
v -0.568287 0.349669 0.031281
v -0.590215 0.721835 0.143712
v -0.608858 0.569636 0.115502
v -0.188143 0.334521 -0.217188
v -0.197131 0.355374 -0.177733
v -0.501706 0.350335 -0.075445
v -0.520786 0.352653 -0.050321
v -0.537200 0.360862 -0.036451
v -0.576720 0.361264 0.075126
v -0.578654 0.684939 0.088862
v -0.497605 0.761060 -0.036013
v -0.329790 0.839951 -0.017187
v -0.557653 0.607280 -0.009589
v -0.449033 0.782964 -0.323773
v -0.562957 0.377850 0.027132
v -0.574705 0.379573 0.068187
v -0.578099 0.374559 0.114909
v -0.533716 0.699493 0.008082
v -0.468469 0.710542 -0.070879
v -0.501104 0.855231 -0.237255
v -0.097270 0.389162 -0.221385
v -0.458398 0.782069 -0.295323
v -0.595643 0.591568 0.059085
v -0.490585 0.370930 -0.088014
v -0.535073 0.385473 -0.039904
v -0.067164 0.393864 -0.217950
v -0.189218 0.523982 -0.102216
v -0.240099 0.531596 -0.097883
v -0.080187 0.447200 -0.153682
v 0.042906 0.352268 -0.212537
v -0.041364 0.382793 -0.224613
v 0.101928 0.557549 -0.073644
v 0.187745 0.444716 -0.101724
v 0.271467 0.193159 -0.016389
v 0.185296 0.415481 -0.112878
v -0.128942 0.446704 -0.150911
v 0.217714 0.323236 -0.120187
v -0.120543 0.989326 -0.130627
v 0.041387 0.544236 -0.105042
v 0.363231 0.220830 0.017111
v -0.034583 0.511930 -0.126528
v 0.295263 0.200566 -0.007849
v -0.065097 0.417328 -0.178898
v -0.390024 0.542008 -0.073250
v 0.083438 0.550498 -0.090183
v 0.098287 0.396351 -0.157647
v -0.199294 0.089479 -0.160981
v -0.114612 0.981760 -0.148694
v -0.084089 0.493444 -0.130062
v -0.459361 0.032707 0.004981
v 0.115506 0.469243 -0.114374
v -0.216909 0.547477 -0.076946
v -0.321954 0.544116 -0.092912
v -0.043144 0.541463 -0.099085
v -0.099679 0.983389 -0.159961
v -0.197429 0.029029 -0.194332
v -0.085285 0.970461 -0.177532
v -0.308746 0.503758 -0.112779
v -0.084503 0.369244 -0.236493
v -0.407177 0.778750 0.019179
v -0.355712 0.496589 -0.114009
v -0.071586 0.957890 -0.180905
v -0.171399 0.007465 -0.187816
v -0.042833 0.443084 -0.151726
v -0.367690 0.799153 0.003886
v 0.123065 0.376306 -0.160570
v 0.086916 0.585504 -0.044101
v -0.140186 0.418498 -0.156806
v -0.110586 0.416218 -0.160790
v -0.378668 0.760163 -0.004245
v 0.022992 0.607115 -0.028819
v -0.055073 0.428241 -0.157092
v -0.078523 0.952908 -0.187477
v -0.394253 0.770994 0.006449
v -0.190763 0.539313 -0.088223
v 0.196953 0.507531 -0.052810
v -0.204591 0.010147 -0.197784
v -0.088323 0.939335 -0.181447
v 0.074967 0.528675 -0.105706
v -0.399927 0.753115 -0.010514
v 0.236652 0.435173 -0.063535
v 0.312960 0.246816 0.038710
v -0.003005 0.556717 -0.087804
v 0.108038 0.364973 -0.175001
v 0.045050 0.414106 -0.159990
v -0.278861 0.082090 -0.075941
v -0.053907 0.517362 -0.117667
v -0.079700 0.529178 -0.106359
v 0.302134 0.263305 0.065411
v 0.163337 0.488856 -0.087604
v -0.273911 0.518580 -0.104431
v 0.372517 0.197532 0.016952
v -0.385199 0.019335 -0.061253
v -0.020694 0.490815 -0.138853
v 0.174314 0.179386 -0.143809
v 0.045822 0.441081 -0.136964
v -0.246598 0.587803 -0.047260
v 0.167352 0.530442 -0.053025
v -0.395440 0.002333 -0.060135
v -0.383626 0.734787 -0.012184
v 0.067779 0.434407 -0.142631
v 0.213411 0.446385 -0.082492
v 0.080754 0.459416 -0.128480
v 0.148943 0.390034 -0.143284
v 0.203567 0.380267 -0.117438
v 0.040463 0.428171 -0.143840
v -0.263961 0.081175 -0.115750
v 0.228417 0.417065 -0.077471
v 0.060728 0.565635 -0.083463
v 0.346651 0.248295 0.043874
v 0.165279 0.550076 -0.032469
v -0.246111 0.057595 -0.173496
v -0.182001 0.500799 -0.116133
v -0.388702 0.708669 -0.024454
v 0.122680 0.454647 -0.124720
v 0.048671 0.375090 -0.204134
v -0.045649 0.573262 -0.073313
v -0.122877 0.406571 -0.177921
v -0.109368 0.471924 -0.141944
v -0.004342 0.436483 -0.147458
v -0.058176 0.591835 -0.050262
v -0.439554 0.945232 -0.379429
v -0.152247 0.526407 -0.100492
v -0.385977 0.060019 -0.042880
v 0.342709 0.164334 -0.018614
v -0.238251 0.023022 -0.191689
v -0.362650 0.695774 -0.018081
v 0.236729 0.452802 -0.051365
v -0.231498 0.560354 -0.068643
v -0.060363 0.334716 -0.245868
v -0.387888 0.560441 -0.060506
v -0.257030 0.567842 -0.074642
v 0.182709 0.483452 -0.081435
v -0.012085 0.531574 -0.110762
v 0.249323 0.365227 -0.080960
v -0.011199 0.378716 -0.221341
v 0.322561 0.181105 -0.022353
v 0.360352 0.189479 0.004453
v 0.131999 0.526507 -0.084534
v -0.097836 0.544745 -0.093319
v -0.457122 0.244958 0.218661
v 0.146273 0.342343 -0.160797
v 0.228104 0.347716 -0.110373
v 0.118706 0.567158 -0.049548
v -0.164025 0.050850 -0.188404
v -0.052954 0.407960 -0.198757
v -0.366491 0.002163 -0.072035
v -0.223135 0.072293 -0.174973
v -0.259668 0.546645 -0.088213
v 0.105714 0.519216 -0.099973
v 0.275045 0.175850 -0.022311
v -0.326988 0.015465 -0.079870
v 0.047381 0.393330 -0.191490
v -0.127130 0.383058 -0.223446
v -0.077949 0.571914 -0.062654
v 0.314852 0.225267 0.010936
v -0.019914 0.418444 -0.176781
v -0.343191 0.665692 -0.010697
v -0.305073 0.625853 0.010908
v 0.028805 0.560612 -0.089873
v -0.015386 0.576514 -0.066979
v -0.160202 0.402029 -0.162324
v -0.272862 0.017762 -0.175816
v -0.350864 0.648404 -0.025754
v -0.326035 0.644001 -0.007014
v 0.016799 0.409026 -0.183257
v -0.050424 0.610749 -0.012535
v 0.042004 0.622445 0.005991
v 0.224130 0.378909 -0.100990
v -0.437306 0.950572 -0.375397
v -0.217502 0.503038 -0.116626
v 0.028792 0.585337 -0.060829
v -0.150763 0.386125 -0.206641
v -0.315988 0.621034 -0.008535
v -0.005042 0.610859 -0.020960
v 0.016102 0.363320 -0.216941
v 0.048095 0.505955 -0.126147
v 0.185735 0.371704 -0.131411
v -0.345716 0.585992 -0.047397
v -0.307999 0.561928 -0.082658
v -0.126546 0.564816 -0.061601
v -0.419627 0.944782 -0.385510
v -0.333549 0.026332 -0.075887
v -0.336259 0.617756 -0.026571
v -0.292457 0.615283 0.010205
v -0.019657 0.617086 -0.006895
v 0.046532 0.604346 -0.033594
v 0.075280 0.604229 -0.020548
v 0.342272 0.233338 0.020186
v -0.406556 0.932642 -0.389606
v 0.181952 0.199034 -0.133525
v 0.221919 0.461198 -0.065962
v 0.199824 0.479729 -0.071339
v -0.316003 0.524259 -0.103003
v -0.211736 0.577157 -0.038119
v -0.327670 0.603993 -0.031084
v -0.227735 0.593112 -0.020349
v 0.364199 0.234903 0.031734
v -0.104769 0.590813 -0.023547
v -0.109478 0.500988 -0.126354
v -0.348928 0.040272 -0.068025
v -0.220566 0.090157 -0.143869
v 0.088374 0.389489 -0.170488
v 0.005677 0.423814 -0.157121
v -0.299715 0.604474 -0.031510
v -0.269240 0.602129 -0.026929
v -0.135476 0.578005 -0.039475
v -0.078255 0.594708 -0.033551
v -0.028270 0.599107 -0.044833
v 0.009087 0.008021 -0.150086
v -0.095774 0.009885 -0.168193
v -0.138050 0.008106 -0.180365
v 0.077473 0.015633 -0.140220
v 0.024675 0.016712 -0.154040
v -0.329907 0.406929 -0.142538
v -0.353606 0.416508 -0.138218
v -0.178031 0.879025 -0.117220
v 0.086186 0.037667 -0.145126
v 0.028333 0.033132 -0.155925
v -0.044176 0.018746 -0.162420
v -0.085672 0.026843 -0.170256
v -0.307542 0.016631 -0.085808
v -0.294107 0.483830 -0.121260
v -0.323172 0.492675 -0.119375
v -0.424267 0.018908 -0.046495
v -0.151316 0.869019 -0.121429
v -0.029622 0.031391 -0.163941
v -0.160982 0.025175 -0.188067
v 0.187132 0.024641 -0.001773
v -0.051266 0.051295 -0.167156
v -0.108403 0.040095 -0.177827
v -0.420329 0.689021 -0.049576
v -0.303719 0.046203 -0.076574
v -0.441711 0.025411 -0.031970
v 0.240799 0.043035 -0.005538
v 0.228046 0.049792 -0.018112
v 0.033430 0.051594 -0.155250
v 0.120382 0.430735 -0.142746
v -0.390361 0.477033 -0.109942
v -0.402383 0.042625 -0.047764
v 0.164225 0.038354 -0.025967
v -0.001473 0.063584 -0.162080
v -0.052311 0.063869 -0.168632
v -0.112007 0.062568 -0.178471
v -0.170417 0.071836 -0.181984
v 0.024556 0.489669 -0.130337
v -0.375663 0.400948 -0.132997
v -0.426562 0.056787 -0.017766
v -0.393259 0.391159 -0.122672
v 0.202257 0.058774 -0.030156
v -0.216376 0.018089 0.316684
v 0.111299 0.069652 -0.148809
v 0.068625 0.068530 -0.160802
v 0.028284 0.079143 -0.172819
v -0.053226 0.074898 -0.183476
v -0.101595 0.074221 -0.179843
v 0.187020 0.071989 -0.039909
v 0.052697 0.074281 -0.162431
v -0.006212 0.076378 -0.176169
v -0.010988 0.092125 -0.193075
v -0.203441 0.072264 -0.181143
v -0.216884 0.795912 -0.071123
v -0.327401 0.061744 -0.064632
v 0.237987 0.089119 -0.039389
v 0.161120 0.058743 -0.045267
v 0.158455 0.095676 -0.126911
v 0.090083 0.077675 -0.159384
v 0.086291 0.097358 -0.171287
v 0.024068 0.094117 -0.187250
v -0.056736 0.087207 -0.192770
v -0.088727 0.118226 -0.208006
v -0.136769 0.084629 -0.180317
v 0.256067 0.078187 -0.029207
v 0.216934 0.097922 -0.041226
v -0.421593 0.424198 -0.108509
v 0.008301 0.108669 -0.195839
v -0.052768 0.105199 -0.200445
v -0.110858 0.094650 -0.191868
v -0.168048 0.091308 -0.168693
v -0.546712 0.498315 0.254743
v -0.331050 0.095038 -0.051164
v -0.532258 0.607154 -0.030189
v 0.249424 0.117139 -0.043165
v -0.487982 0.425140 -0.076947
v 0.130857 0.114898 -0.160603
v 0.038343 0.112495 -0.187852
v -0.164686 0.115695 -0.173436
v -0.229419 0.102323 -0.082994
v -0.276230 0.830020 -0.066689
v -0.423151 0.923272 -0.390323
v -0.220312 0.908892 -0.085881
v 0.281740 0.107241 -0.038606
v -0.324764 0.786540 -0.033500
v 0.164272 0.132190 -0.139931
v 0.065477 0.101411 -0.179022
v -0.142203 0.129496 -0.194408
v -0.212083 0.117017 -0.070244
v -0.242651 0.103193 -0.075002
v -0.262887 0.101582 -0.072809
v -0.299236 0.090007 -0.065066
v 0.286901 0.127438 -0.040854
v 0.214213 0.112778 -0.046695
v 0.101143 0.113737 -0.170295
v 0.044088 0.138515 -0.197153
v 0.013821 0.141693 -0.202142
v 0.003825 0.124695 -0.196848
v -0.023535 0.118251 -0.202939
v -0.060799 0.141025 -0.217106
v -0.124520 0.159253 -0.218820
v -0.394061 0.647196 -0.046609
v -0.279396 0.142687 -0.073556
v -0.394037 0.869603 -0.381855
v 0.306909 0.125184 -0.033095
v -0.241291 0.502987 -0.117690
v 0.128845 0.134641 -0.174878
v 0.034820 0.160271 -0.199364
v -0.068405 0.129437 -0.215489
v -0.225778 0.121235 -0.066752
v -0.299791 0.114608 -0.063414
v -0.438323 0.525103 -0.061355
v -0.458339 0.761696 -0.288231
v -0.037999 0.008077 -0.156275
v 0.108650 0.142034 -0.182467
v 0.069098 0.136434 -0.192034
v -0.007630 0.167431 -0.215215
v -0.033756 0.142894 -0.211856
v -0.333560 0.122133 -0.047769
v -0.339498 0.170987 -0.057781
v -0.468341 0.414316 -0.093119
v 0.285986 0.143727 -0.038941
v 0.248131 0.138029 -0.039883
v 0.250552 0.156566 -0.033923
v -0.059360 0.167545 -0.222158
v -0.227482 0.140287 -0.068027
v -0.247312 0.135247 -0.070352
v -0.114362 0.017747 0.336891
v 0.322597 0.158421 -0.029812
v 0.297615 0.166053 -0.030817
v 0.097478 0.169543 -0.184797
v 0.066526 0.155135 -0.193503
v -0.039580 0.172362 -0.223827
v -0.079466 0.166811 -0.227521
v -0.093328 0.190936 -0.237826
v -0.300946 0.169679 -0.078290
v -0.364952 0.588755 -0.046375
v -0.511169 0.561347 -0.036607
v -0.511797 0.593940 -0.039466
v 0.144118 0.160978 -0.167820
v 0.049203 0.184242 -0.200861
v 0.021354 0.173652 -0.209539
v -0.108455 0.178932 -0.231784
v -0.209609 0.152618 -0.078089
v -0.220036 0.180166 -0.084207
v -0.218673 0.151515 -0.071269
v -0.249165 0.159759 -0.074225
v -0.290354 0.188278 -0.086383
v -0.367042 0.648006 -0.036301
v -0.289357 0.799432 -0.055952
v -0.507118 0.233003 0.076192
v -0.153085 0.440758 -0.153771
v -0.181424 0.424378 -0.152118
v -0.323050 0.751153 -0.023495
v -0.213199 0.402678 -0.151127
v 0.125928 0.184025 -0.176067
v -0.250720 0.450295 -0.133160
v -0.315801 0.146714 -0.065936
v -0.348315 0.718962 -0.007157
v -0.293722 0.419143 -0.140180
v -0.328432 0.433560 -0.139470
v 0.149961 0.188720 -0.161587
v 0.062842 0.191229 -0.200896
v -0.005588 0.200120 -0.222505
v -0.055005 0.196521 -0.231275
v -0.312566 0.201632 -0.084058
v -0.337555 0.468412 -0.124321
v -0.356523 0.442728 -0.128359
v -0.380886 0.422506 -0.124010
v -0.373176 0.456715 -0.119512
v -0.174912 0.901754 -0.119597
v 0.147292 0.216395 -0.169648
v 0.093664 0.200351 -0.192602
v 0.074003 0.219614 -0.199347
v -0.114438 0.211094 -0.242931
v -0.419707 0.651448 -0.052190
v -0.489183 0.702573 -0.037475
v -0.266833 0.181268 -0.082663
v -0.362216 0.183101 -0.037121
v -0.400782 0.189061 -0.029161
v -0.240578 0.844785 -0.087910
v -0.127854 0.848683 -0.113598
v 0.040565 0.205646 -0.210068
v -0.038223 0.232091 -0.231811
v -0.067986 0.222309 -0.235576
v -0.228277 0.214685 -0.099572
v -0.348324 0.200630 -0.060160
v -0.411918 0.206653 -0.044767
v -0.412360 0.607719 -0.055154
v -0.173797 0.017066 0.344178
v 0.126562 0.215910 -0.182929
v 0.079188 0.234790 -0.203553
v 0.035007 0.223913 -0.211148
v -0.028439 0.213406 -0.224952
v -0.141352 0.216797 -0.235696
v -0.294449 0.781428 -0.047074
v -0.333351 0.214899 -0.078190
v -0.374843 0.212418 -0.064797
v -0.367663 0.706912 -0.014453
v -0.520289 0.630014 -0.028642
v -0.364773 0.612666 -0.040007
v 0.114559 0.236110 -0.189693
v 0.041920 0.240324 -0.216276
v 0.004892 0.238019 -0.222322
v -0.085386 0.230654 -0.244610
v -0.434745 0.550655 -0.056319
v -0.245913 0.197557 -0.089213
v 0.011952 0.512830 -0.127695
v -0.489967 0.223415 0.116881
v -0.064524 0.252450 -0.242958
v -0.115966 0.239176 -0.248006
v -0.148608 0.253140 -0.245611
v -0.168503 0.242812 -0.228702
v -0.442129 0.682237 -0.050349
v -0.227486 0.242104 -0.116197
v -0.268096 0.233758 -0.108212
v -0.340823 0.237144 -0.095896
v -0.432088 0.219985 -0.043929
v -0.066088 0.938117 -0.190559
v -0.485592 0.601645 -0.051765
v -0.563568 0.509280 0.271265
v 0.056449 0.262966 -0.215456
v -0.414480 0.818720 -0.367981
v -0.286132 0.256971 -0.115310
v -0.295219 0.231638 -0.102758
v -0.309378 0.251621 -0.103908
v -0.373020 0.232236 -0.093002
v -0.464941 0.245139 -0.048199
v 0.164329 0.261630 -0.160881
v 0.101410 0.259449 -0.191906
v 0.031103 0.259498 -0.222902
v -0.014533 0.260513 -0.231512
v -0.047632 0.266179 -0.240135
v -0.130476 0.280988 -0.251879
v -0.219442 0.248772 -0.134333
v -0.248325 0.253536 -0.112909
v -0.415403 0.255320 -0.098930
v -0.415971 0.236425 -0.079102
v -0.153887 0.826429 -0.093569
v 0.142598 0.252586 -0.173536
v 0.100201 0.277709 -0.190998
v 0.074665 0.266572 -0.202461
v -0.095035 0.284507 -0.248308
v -0.103339 0.262884 -0.250719
v -0.329675 0.255034 -0.104786
v -0.374097 0.261136 -0.113039
v -0.449051 0.250201 -0.070539
v -0.490259 0.539330 -0.042305
v -0.245062 0.477226 -0.128866
v 0.069002 0.299012 -0.206497
v -0.034470 0.288532 -0.241768
v -0.168258 0.275157 -0.237273
v -0.252632 0.797680 -0.068257
v -0.423256 0.273020 -0.108057
v -0.452723 0.271751 -0.089278
v -0.479261 0.266235 -0.060343
v -0.409186 0.892286 -0.396177
v 0.197951 0.272161 -0.134042
v 0.124539 0.293391 -0.178980
v -0.055474 0.295461 -0.244531
v -0.149666 0.277590 -0.247636
v -0.245902 0.276439 -0.120277
v -0.285340 0.284658 -0.122743
v -0.329171 0.272020 -0.117326
v -0.455417 0.621949 -0.056531
v 0.181583 0.291891 -0.144714
v 0.049039 0.296088 -0.217496
v 0.031935 0.287001 -0.221981
v -0.102304 0.307246 -0.252791
v -0.119359 0.321299 -0.251663
v -0.514407 0.661431 -0.026761
v -0.199856 0.856758 -0.104774
v -0.230626 0.281976 -0.124984
v -0.315748 0.293833 -0.126285
v -0.355236 0.287400 -0.127445
v 0.152930 0.301278 -0.164182
v 0.079053 0.322027 -0.198511
v 0.011967 0.330001 -0.224747
v -0.001346 0.292898 -0.230834
v -0.002755 0.318741 -0.234696
v -0.028450 0.317755 -0.241705
v -0.214192 0.466057 -0.133200
v -0.252928 0.309639 -0.132706
v -0.389359 0.298222 -0.124994
v -0.269474 0.454341 -0.134396
v -0.072278 0.317231 -0.248301
v -0.149546 0.310610 -0.247266
v -0.175684 0.303410 -0.236244
v -0.228822 0.300992 -0.144027
v -0.289424 0.312616 -0.132077
v -0.326735 0.314626 -0.137834
v -0.358182 0.312162 -0.137756
v -0.568275 0.502001 0.119449
v -0.464712 0.500222 0.292631
v -0.215207 0.879449 -0.099664
v -0.431186 0.184707 0.139194
v 0.198246 0.312429 -0.129283
v 0.104665 0.341533 -0.186773
v -0.450646 0.430549 -0.095785
v -0.411814 0.310724 -0.121983
v -0.438126 0.300606 -0.110496
v -0.295151 0.837798 -0.052758
v 0.075656 0.351405 -0.199082
v 0.047309 0.333724 -0.211786
v -0.022164 0.345000 -0.235214
v -0.173948 0.328840 -0.234574
v -0.235810 0.334022 -0.145642
v -0.250245 0.333484 -0.141393
v -0.372080 0.340100 -0.136108
v -0.403722 0.340979 -0.123663
v -0.460579 0.588017 -0.055444
v 0.095486 0.422562 -0.147362
v -0.136524 0.912056 -0.141777
v -0.095633 0.346748 -0.247188
v -0.150219 0.360806 -0.232416
v -0.332849 0.328254 -0.139350
v -0.448229 0.336218 -0.110949
v -0.457494 0.477445 -0.074166
v 0.194471 0.340266 -0.131655
v -0.358540 0.529883 -0.094483
v -0.052242 0.358239 -0.235802
v -0.523870 0.506491 -0.005697
v -0.121101 0.363193 -0.238638
v -0.136121 0.342225 -0.244168
v -0.166502 0.357075 -0.226320
v -0.316006 0.368959 -0.140745
v -0.231433 0.007982 -0.198986
v -0.213947 0.000438 -0.191739
v -0.167497 -0.000333 -0.169800
v -0.107847 0.000471 -0.158861
v -0.034505 0.001873 -0.145798
v 0.041831 0.004867 -0.134537
v 0.089995 0.008653 -0.120074
v -0.273952 0.004196 -0.175861
v -0.214442 0.000259 -0.172370
v 0.040522 0.004046 -0.121050
v -0.285563 0.000807 -0.141372
v -0.152707 0.000596 -0.149780
v -0.074566 0.002302 -0.135823
v -0.013164 0.003324 -0.124707
v 0.011176 0.005942 -0.107139
v -0.176219 0.002396 -0.137755
v -0.086258 0.005309 -0.122724
v 0.061858 0.004313 -0.099502
v -0.096647 0.015093 -0.116071
v -0.015144 0.015254 -0.102765
v 0.014544 0.018533 -0.095373
v -0.227073 0.001913 -0.132301
v -0.168215 0.015353 -0.125185
v 0.053377 0.013590 -0.081598
v 0.067567 0.007767 -0.072658
v 0.090673 0.006095 -0.093514
v -0.238501 0.013817 -0.096817
v -0.015947 0.031418 -0.091342
v -0.254702 0.000513 -0.152327
v -0.265086 0.003015 -0.077398
v -0.203789 0.013249 -0.123888
v -0.129579 0.029197 -0.111093
v -0.071693 0.030653 -0.100936
v 0.028722 0.026879 -0.083591
v 0.102382 0.005662 -0.019138
v -0.308827 0.003856 -0.099465
v -0.306567 0.000543 -0.082604
v -0.215514 0.026052 -0.104238
v -0.179673 0.031389 -0.111026
v -0.054877 0.035419 -0.083870
v 0.041643 0.029846 -0.065575
v 0.047833 0.007229 -0.019429
v 0.077195 0.005140 -0.038430
v 0.131698 0.013089 -0.024390
v -0.124434 0.033700 -0.091623
v -0.007348 0.036372 -0.066971
v 0.024610 0.035390 -0.052143
v 0.048518 0.020610 -0.043619
v 0.128816 0.008421 -0.012247
v -0.290676 0.000399 -0.080816
v -0.198403 0.032908 -0.090643
v -0.332231 0.001229 -0.077946
v -0.153258 0.032560 -0.071564
v 0.025633 0.030126 -0.024491
v 0.061599 0.004477 0.011071
v 0.187640 0.014588 0.022986
v -0.361037 -0.000056 -0.058864
v -0.125948 0.032040 -0.029310
v 0.105562 0.005523 0.014804
v 0.137568 0.007002 0.036412
v -0.255917 0.017001 -0.047350
v -0.091939 0.032961 -0.027759
v 0.015007 0.011674 0.014996
v 0.090408 0.013968 0.025081
v 0.098849 0.017425 0.023629
v 0.153234 0.007303 0.025730
v 0.208817 0.014692 0.045316
v -0.411038 0.001537 -0.051651
v -0.414592 0.000154 -0.033064
v -0.245572 0.032126 -0.047145
v -0.060840 0.034507 -0.048286
v 0.025597 0.004268 0.032097
v 0.060829 0.016075 0.029207
v 0.192624 0.009299 0.063446
v -0.340167 -0.000263 -0.011688
v -0.266244 0.002044 -0.012129
v -0.020066 0.034885 -0.017930
v 0.040122 0.010293 0.042250
v 0.134815 0.015473 0.056672
v 0.229698 0.019276 0.063321
v -0.432729 0.001945 -0.039796
v -0.005234 0.025066 0.030786
v 0.020316 0.003785 0.075879
v 0.031721 0.002958 0.059135
v 0.162121 0.006505 0.071043
v 0.182235 0.009727 0.103325
v -0.432437 0.203902 0.176069
v -0.299203 0.000430 -0.005770
v -0.213941 0.030041 -0.003388
v -0.206914 0.030867 -0.002717
v -0.139942 0.030497 0.029095
v 0.154380 0.008245 0.114437
v 0.275586 0.041535 0.057622
v -0.378061 -0.000493 -0.001398
v -0.240719 0.000609 0.029497
v -0.067246 0.031933 0.040186
v -0.008965 0.032983 0.015461
v -0.001990 0.012411 0.053291
v -0.009089 0.017124 0.083507
v 0.143556 0.019642 0.090184
v -0.457782 0.005207 -0.005056
v -0.445553 0.001155 -0.001275
v -0.418197 -0.000211 0.018207
v -0.303587 -0.000237 0.022996
v -0.023839 0.029896 0.084166
v 0.215956 0.018765 0.104940
v 0.240301 0.025619 0.095578
v -0.294660 0.001065 0.041481
v -0.249266 0.002572 0.055161
v -0.061327 0.031056 0.100448
v 0.138697 0.014634 0.117213
v 0.289503 0.049624 0.103271
v -0.467537 0.017530 0.010020
v -0.461242 0.005899 0.027112
v -0.179282 0.029187 0.051206
v -0.106807 0.030629 0.065903
v 0.052282 0.008414 0.116988
v 0.152178 0.015173 0.163456
v 0.266181 0.045457 0.133873
v -0.331270 0.000691 0.051821
v -0.303875 0.012972 0.052127
v -0.009098 0.022329 0.109553
v 0.005917 0.008159 0.100861
v 0.018636 0.007081 0.121602
v 0.085666 0.005425 0.138206
v 0.092397 0.005721 0.139300
v 0.112830 0.007146 0.142188
v 0.192685 0.017484 0.128198
v -0.253025 0.017983 0.069607
v -0.195514 0.002947 0.094872
v 0.129546 0.010542 0.180752
v 0.161207 0.029456 0.189853
v 0.216655 0.030742 0.147915
v 0.316206 0.071188 0.133276
v -0.375622 0.213330 0.226113
v -0.434358 0.001986 0.056296
v -0.223804 0.001871 0.080242
v -0.192264 0.004828 0.105495
v 0.010982 0.017884 0.136632
v 0.291184 0.071522 0.164610
v -0.444329 0.494691 0.251623
v -0.372103 0.000542 0.090575
v -0.343267 0.000301 0.090231
v -0.230379 0.015179 0.100011
v -0.186189 0.011987 0.111927
v -0.171474 0.027120 0.101316
v -0.007080 0.029735 0.131777
v 0.226096 0.047966 0.173989
v -0.449548 0.006065 0.063211
v -0.348482 -0.001475 0.102237
v 0.028912 0.023090 0.159699
v 0.042968 0.010748 0.156864
v 0.054082 0.007806 0.155196
v 0.250839 0.048347 0.161126
v -0.017058 0.033471 0.162124
v 0.020787 0.033351 0.167075
v 0.058071 0.021626 0.183741
v 0.085135 0.008368 0.204055
v 0.143805 0.022674 0.213538
v 0.186749 0.036264 0.175694
v -0.566236 0.504964 0.239621
v -0.115284 0.030096 0.130591
v 0.065075 0.022638 0.198839
v 0.272859 0.076750 0.187346
v -0.544095 0.518292 0.300063
v -0.476064 0.486527 0.252994
v -0.330576 0.198053 0.221002
v -0.398532 0.003092 0.109027
v -0.236530 0.011390 0.148582
v -0.096316 0.032932 0.189523
v -0.521859 0.491146 0.244562
v -0.579455 0.518239 0.211888
v -0.449355 0.227013 0.200809
v -0.506088 0.492540 0.274287
v -0.489149 0.480029 0.239521
v -0.359589 0.003803 0.172079
v -0.246946 0.012195 0.157282
v -0.227617 0.004136 0.146729
v -0.166426 0.027910 0.128902
v 0.044554 0.035260 0.190620
v 0.099663 0.008476 0.238593
v 0.123398 0.013560 0.236383
v -0.410709 0.209721 0.205326
v 0.255495 0.073549 0.193484
v -0.517987 0.246199 0.103187
v -0.349556 0.217945 0.238275
v -0.471642 0.741445 -0.185460
v -0.380615 0.259418 0.265766
v -0.383974 0.177416 -0.015324
v -0.405076 0.006826 0.151637
v -0.270272 0.000837 0.173793
v 0.057936 0.026455 0.218697
v 0.055020 0.008705 0.233950
v -0.579334 0.525394 0.275924
v -0.422840 0.263797 0.252677
v -0.417026 0.181822 0.001455
v 0.033866 0.038503 0.214636
v 0.130637 0.022544 0.253704
v -0.432265 0.191948 -0.011286
v -0.415966 0.174908 0.027316
v -0.369130 0.151355 0.031724
v -0.479722 0.250938 0.202758
v -0.400091 0.005190 0.205682
v -0.302369 0.005842 0.196843
v -0.134275 0.031368 0.179782
v 0.106052 0.013525 0.266308
v -0.445689 0.506486 0.292364
v -0.463264 0.742358 -0.223464
v -0.448602 0.190541 0.023068
v -0.547466 0.289355 0.106198
v -0.588268 0.531251 0.159378
v -0.573037 0.516431 0.154011
v -0.459982 0.514250 0.318971
v -0.354017 0.237038 0.250485
v -0.498083 0.474932 0.224100
v -0.395077 0.164302 0.052200
v -0.425035 0.009589 0.189769
v -0.373451 0.005683 0.233954
v -0.334475 0.006010 0.223435
v -0.224722 0.007630 0.223067
v -0.199886 0.030019 0.208952
v -0.032006 0.037586 0.236770
v 0.078859 0.010573 0.274950
v -0.483176 0.522862 0.327564
v -0.519115 0.516353 0.300901
v -0.478076 0.232546 0.175885
v -0.509654 0.276112 0.188682
v -0.421238 0.008002 0.217688
v -0.217121 0.005196 0.238137
v 0.031816 0.008233 0.280378
v 0.073204 0.017253 0.288056
v -0.390739 0.242664 0.249359
v -0.574016 0.522346 0.183508
v -0.442181 0.177740 0.068109
v -0.533577 0.535127 0.312998
v -0.270387 0.005994 0.214177
v -0.072832 0.038646 0.250587
v -0.018232 0.008688 0.294244
v -0.416491 0.167377 0.084262
v -0.377915 0.156522 0.086635
v -0.150440 0.036326 0.248195
v -0.117151 0.037311 0.254192
v -0.106259 0.008220 0.281814
v 0.021228 0.014804 0.296909
v -0.549825 0.506209 0.196222
v -0.552503 0.501758 0.220852
v -0.480803 0.213803 0.030290
v -0.458757 0.188455 0.056767
v -0.394481 0.163186 0.106697
v -0.302636 0.007023 0.256365
v -0.262949 0.007287 0.261221
v -0.169813 0.007221 0.280452
v -0.020538 0.017362 0.308834
v -0.515704 0.487885 0.220110
v -0.385209 0.191125 0.185722
v -0.330146 0.222713 0.241260
v -0.323372 0.241236 0.254696
v -0.469577 0.199089 0.098095
v -0.441973 0.178541 0.099051
v -0.253807 0.012267 0.274124
v -0.052451 0.009482 0.306443
v -0.426293 0.236524 0.229355
v -0.442563 0.750806 -0.258376
v -0.462687 0.216012 0.161018
v -0.484575 0.213005 0.066085
v -0.420268 0.015528 0.256593
v -0.238037 0.015393 0.288972
v -0.061144 0.015734 0.318905
v -0.549479 0.538858 0.310552
v -0.408783 0.188706 0.165455
v -0.429859 0.177167 0.116773
v -0.375245 0.170610 0.145834
v -0.414240 0.009380 0.254186
v -0.344655 0.006589 0.275994
v -0.116323 0.008524 0.317812
v -0.073803 0.026464 0.324334
v -0.484899 0.503214 0.301313
v -0.497821 0.234097 0.032646
v -0.469649 0.198978 0.077988
v -0.503328 0.241636 0.137551
v -0.395216 0.007430 0.270913
v -0.350964 0.009475 0.289491
v -0.295166 0.010763 0.280740
v -0.218257 0.010517 0.302930
v -0.184873 0.009966 0.326100
v -0.098743 0.011017 0.323418
v -0.421152 0.789524 -0.321691
v -0.428791 0.743017 -0.203722
v -0.400588 0.840867 -0.376654
v -0.408193 0.767157 -0.207866
v -0.282273 0.736687 -0.013827
v -0.423818 0.723025 -0.122408
v -0.430377 0.774452 -0.316731
v -0.067626 0.858927 -0.140287
v -0.404771 0.841460 -0.383185
v -0.454243 0.695128 -0.054571
v -0.396939 0.689221 -0.040471
v -0.073881 0.894560 -0.173180
v -0.411136 0.853041 -0.387735
v -0.182043 0.800213 -0.070959
v -0.119160 0.813733 -0.072056
v -0.430293 0.766579 -0.292019
v -0.321887 0.730071 -0.012009
v -0.202885 0.781010 -0.049547
v -0.435112 0.784055 -0.332840
v -0.070360 0.922214 -0.188672
v -0.465019 0.749082 -0.253309
v -0.414360 0.743422 -0.167082
v -0.406785 0.708834 -0.048324
v -0.342188 0.692764 -0.003059
v -0.253331 0.764544 -0.042709
v -0.418012 0.764891 -0.233437
v -0.415453 0.805132 -0.350014
v -0.426922 0.700879 -0.060490
v -0.437072 0.725836 -0.150526
v -0.417590 0.777758 -0.261043
v -0.156540 0.795668 -0.050648
v -0.101432 0.835965 -0.105777
v -0.457304 0.712896 -0.096177
v -0.286054 0.758646 -0.036681
v -0.405754 0.731614 -0.084501
v -0.411293 0.714461 -0.073516
v -0.440059 0.712013 -0.096665
v -0.324306 0.708506 0.009775
v -0.184086 0.829265 -0.095387
v -0.424552 0.709961 -0.081190
v -0.362418 0.672240 -0.026240
v -0.444267 0.733457 -0.185404
v -0.393294 0.880463 -0.392482
v -0.089641 0.866596 -0.141262
v -0.447791 0.759165 -0.287323
v -0.355068 0.153350 0.109610
vn -0.0917 0.9771 0.1918
vn -0.3697 0.8617 0.3476
vn 0.1765 0.9618 -0.2090
vn -0.2596 0.5699 0.7796
vn -0.6058 -0.0606 -0.7933
vn 0.2464 0.7171 0.6520
vn 0.0687 0.7470 0.6613
vn 0.8364 -0.1422 0.5293
vn 0.5100 0.1427 0.8482
vn -0.8613 -0.0989 -0.4983
vn -0.5834 0.8104 0.0534
vn 0.8547 0.4293 0.2918
vn -0.7370 0.6030 0.3052
vn 0.0464 -0.5777 0.8149
vn 0.1308 0.3972 0.9084
vn 0.2816 0.4840 0.8285
vn 0.1788 -0.0156 0.9838
vn -0.2409 0.3463 0.9067
vn 0.3076 0.1695 0.9363
vn 0.3463 0.9247 -0.1582
vn 0.1907 0.5189 0.8333
vn 0.6066 -0.4688 0.6421
vn -0.3808 0.8252 0.4172
vn 0.1323 0.3335 0.9334
vn 0.2535 0.4778 0.8411
vn -0.4777 -0.4736 0.7400
vn 0.2632 0.2018 0.9434
vn 0.1702 0.0163 0.9853
vn -0.5849 0.2399 -0.7749
vn -0.2073 0.7160 0.6667
vn 0.2641 0.3190 0.9102
vn -0.3738 0.5250 0.7646
vn 0.1034 0.3477 0.9319
vn 0.6233 0.0357 0.7812
vn 0.5891 0.7107 0.3846
vn -0.0446 0.7920 0.6090
vn 0.0899 0.7280 0.6797
vn 0.1910 0.4754 0.8588
vn 0.0028 0.4402 0.8979
vn -0.0241 0.6197 0.7845
vn 0.2125 0.2323 0.9491
vn 0.0573 -0.4457 0.8933
vn 0.7745 0.5656 0.2834
vn 0.3189 0.4791 0.8178
vn 0.1573 0.7102 0.6862
vn -0.0063 -0.3592 0.9332
vn 0.1407 -0.7071 0.6929
vn 0.3983 -0.5745 0.7151
vn -0.0120 0.5672 0.8235
vn 0.0356 0.5162 0.8558
vn 0.0845 -0.5736 0.8148
vn -0.0601 0.9024 0.4266
vn -0.1747 0.5997 0.7809
vn -0.0283 0.3047 0.9520
vn -0.3158 0.7334 0.6021
vn 0.0121 0.8176 0.5757
vn -0.0172 0.0619 0.9979
vn -0.2635 -0.5270 0.8080
vn -0.0702 -0.7390 0.6701
vn 0.0709 -0.5609 0.8248
vn -0.1592 0.8466 0.5078
vn -0.2615 0.2153 0.9409
vn -0.1864 -0.5664 0.8028
vn -0.1279 -0.5241 0.8420
vn 0.8000 0.5378 0.2660
vn 0.3160 -0.4757 0.8209
vn -0.8630 0.0434 -0.5034
vn 0.1116 0.4646 0.8785
vn 0.8440 0.4992 0.1958
vn 0.0395 0.4121 0.9103
vn -0.3673 0.7715 0.5195
vn -0.2907 -0.3599 0.8866
vn 0.3281 -0.2349 0.9150
vn 0.0525 -0.1723 0.9836
vn 0.3218 -0.4025 0.8570
vn 0.3440 0.2620 0.9017
vn -0.1528 -0.0560 0.9867
vn -0.0258 -0.3012 0.9532
vn 0.4707 0.8617 0.1893
vn -0.9480 -0.1910 -0.2545
vn -0.7285 -0.2410 -0.6412
vn -0.2407 0.7268 0.6432
vn -0.1041 0.8018 0.5884
vn -0.6283 0.0610 0.7756
vn -0.2152 0.1419 0.9662
vn 0.1017 0.1386 0.9851
vn -0.5179 0.1610 0.8401
vn -0.4977 -0.3595 0.7893
vn -0.3899 -0.3983 0.8303
vn -0.2719 -0.3627 0.8914
vn -0.2373 -0.1868 0.9533
vn 0.2443 -0.1573 0.9569
vn 0.7915 0.4970 -0.3558
vn -0.1520 0.0468 0.9873
vn -0.2755 0.4429 0.8532
vn 0.6345 0.3388 0.6947
vn 0.2796 0.6065 0.7443
vn 0.3756 0.8581 0.3501
vn 0.3044 0.7546 0.5812
vn 0.8649 0.3891 0.3170
vn -0.1362 -0.1176 0.9837
vn 0.1248 0.0855 0.9885
vn -0.6180 0.4714 0.6292
vn -0.7784 -0.1277 0.6147
vn 0.0954 -0.2065 0.9738
vn -0.3865 -0.3094 0.8688
vn 0.2977 0.5456 0.7834
vn 0.1383 -0.2019 0.9696
vn 0.1136 -0.1094 0.9875
vn 0.1319 0.8229 0.5526
vn -0.4944 -0.1179 0.8612
vn 0.1431 -0.1878 0.9717
vn -0.9380 -0.2718 -0.2152
vn -0.0808 -0.2754 0.9579
vn -0.1747 0.0512 0.9833
vn 0.2079 -0.2567 0.9439
vn 0.0316 0.7027 0.7108
vn 0.7603 0.6222 0.1865
vn 0.2810 0.0275 0.9593
vn 0.3317 -0.0588 0.9415
vn -0.1484 -0.2864 0.9466
vn -0.0178 -0.2773 0.9606
vn -0.7981 -0.5618 0.2177
vn -0.1462 0.1649 0.9754
vn 0.0830 0.2131 0.9735
vn 0.3895 0.8413 0.3749
vn -0.2191 0.9374 -0.2708
vn -0.3699 -0.3424 0.8637
vn 0.1155 -0.4343 0.8933
vn -0.2602 0.7539 0.6033
vn 0.3231 0.6923 0.6452
vn -0.1796 0.9700 0.1640
vn -0.3487 -0.1572 0.9240
vn -0.0831 -0.3795 0.9214
vn 0.0731 0.5789 0.8121
vn -0.3197 0.8179 0.4784
vn 0.5576 -0.4476 0.6991
vn -0.0001 0.9517 0.3070
vn -0.0544 -0.2748 0.9600
vn -0.0240 0.5785 0.8153
vn -0.1028 0.6798 0.7261
vn -0.1147 0.3704 0.9218
vn 0.1273 0.3513 0.9276
vn 0.2546 0.0661 0.9648
vn 0.0428 -0.1695 0.9846
vn 0.3377 -0.1971 0.9204
vn -0.2794 -0.1492 0.9485
vn 0.1109 -0.1346 0.9847
vn -0.2557 0.6324 0.7313
vn 0.2802 0.4759 0.8337
vn 0.3382 0.4020 0.8509
vn 0.0311 0.8753 0.4826
vn -0.2856 -0.8557 0.4316
vn -0.2310 -0.8278 0.5112
vn -0.8884 -0.1797 0.4225
vn -0.1236 -0.1617 0.9791
vn 0.2505 -0.1912 0.9490
vn -0.2745 -0.0265 0.9612
vn 0.2903 -0.0373 0.9562
vn 0.9183 0.2956 -0.2632
vn 0.5565 0.1427 0.8185
vn -0.1390 0.4957 0.8573
vn 0.8200 0.4277 0.3804
vn -0.9952 0.0572 0.0795
vn 0.8765 0.3002 -0.3764
vn -0.1307 -0.0991 0.9864
vn 0.0292 -0.0035 0.9996
vn -0.3188 0.7128 0.6248
vn 0.0384 0.8530 0.5204
vn -0.4374 -0.3175 0.8414
vn -0.4127 -0.2740 0.8687
vn -0.0368 -0.2503 0.9675
vn -0.2782 -0.1878 0.9420
vn 0.1230 -0.1569 0.9799
vn -0.0005 0.6550 0.7557
vn -0.5489 -0.7868 0.2823
vn 0.1202 0.4321 0.8938
vn 0.8981 0.0728 0.4337
vn 0.3991 0.8766 0.2688
vn 0.1711 0.9686 -0.1804
vn 0.3146 0.7037 0.6371
vn -0.3089 0.9248 0.2219
vn -0.5753 0.2763 -0.7699
vn -0.0758 -0.2552 0.9639
vn 0.1779 -0.0399 0.9832
vn 0.2193 -0.0758 0.9727
vn 0.0877 0.6048 0.7915
vn 0.1909 0.4749 0.8591
vn -0.0659 0.6285 0.7750
vn 0.3046 0.4000 0.8644
vn 0.1072 0.2032 -0.9732
vn 0.0461 0.2115 -0.9763
vn 0.2802 -0.1139 0.9532
vn 0.3592 -0.1626 0.9190
vn -0.0979 -0.2413 0.9655
vn -0.0883 -0.3231 0.9422
vn 0.2373 0.5440 0.8048
vn -0.9808 0.1333 0.1425
vn 0.2993 0.7144 0.6325
vn 0.3354 0.6463 0.6854
vn -0.1943 -0.2732 0.9421
vn -0.1114 0.9218 0.3714
vn -0.1436 -0.0949 0.9851
vn 0.0469 0.6361 0.7702
vn 0.0514 0.6350 0.7708
vn -0.6172 0.1717 -0.7679
vn 0.5681 0.7122 0.4123
vn -0.2037 0.9783 -0.0369
vn -0.0117 -0.1414 -0.9899
vn 0.0586 -0.0659 0.9961
vn -0.4812 -0.3083 0.8206
vn 0.0076 0.5406 0.8412
vn -0.3072 -0.2740 0.9114
vn -0.1817 -0.2821 0.9420
vn 0.0758 -0.2810 0.9567
vn -0.5028 0.7603 -0.4113
vn -0.2702 0.5572 0.7852
vn -0.8955 -0.0705 0.4395
vn -0.4550 0.7846 0.4212
vn -0.9867 0.1510 -0.0600
vn 0.1879 0.9002 0.3929
vn 0.1278 -0.6133 0.7795
vn 0.1469 -0.1426 0.9788
vn -0.2420 -0.0820 0.9668
vn 0.2854 -0.1543 0.9459
vn 0.1564 -0.0833 0.9842
vn -0.2321 0.6901 0.6855
vn 0.8564 0.1379 -0.4975
vn 0.8100 0.5065 -0.2956
vn -0.0585 -0.4881 0.8708
vn -0.1030 -0.0309 0.9942
vn 0.0052 0.9985 0.0546
vn -0.1995 -0.1132 0.9733
vn 0.0248 0.0262 0.9993
vn 0.3750 0.4642 0.8025
vn -0.4618 0.1430 -0.8754
vn 0.2492 0.3887 0.8870
vn -0.2233 0.8775 0.4245
vn -0.2227 0.7960 0.5628
vn -0.5149 0.7822 0.3509
vn 0.1707 -0.1203 0.9780
vn -0.2434 -0.2532 0.9363
vn -0.1427 -0.0479 0.9886
vn 0.2960 0.0485 0.9539
vn 0.2425 -0.0002 0.9701
vn 0.1613 0.0216 0.9867
vn 0.9984 -0.0351 0.0442
vn 0.2346 0.5187 0.8221
vn 0.3793 0.9252 0.0132
vn -0.1838 0.8208 0.5408
vn -0.1744 -0.3312 0.9273
vn -0.0123 -0.3407 0.9401
vn -0.0182 -0.3439 0.9388
vn 0.0953 -0.2586 0.9613
vn 0.1363 -0.1116 0.9844
vn 0.0072 -0.1014 0.9948
vn 0.0236 -0.0257 0.9994
vn -0.1914 -0.1854 0.9638
vn -0.0420 0.0919 0.9949
vn 0.8361 0.5369 0.1127
vn -0.0375 0.9993 -0.0065
vn -0.9492 -0.3144 0.0151
vn -0.2827 -0.3768 0.8821
vn 0.2741 -0.1890 0.9429
vn 0.2017 -0.1288 0.9709
vn 0.1677 -0.1580 0.9731
vn -0.4812 -0.1937 0.8549
vn 0.0674 0.1012 0.9926
vn 0.3234 -0.0046 0.9463
vn -0.1943 0.5059 0.8404
vn -0.3518 -0.2380 0.9053
vn 0.4494 -0.8631 0.2305
vn -0.5486 -0.3638 -0.7528
vn -0.8672 -0.2138 0.4498
vn 0.0779 0.0288 0.9965
vn 0.2774 -0.0797 0.9574
vn -0.0593 -0.2430 0.9682
vn -0.1847 -0.2166 0.9586
vn -0.1236 -0.1468 0.9814
vn 0.0442 -0.3079 0.9504
vn 0.1425 -0.2268 0.9635
vn -0.0790 -0.0423 0.9960
vn -0.1589 -0.0397 0.9865
vn -0.9747 -0.1080 0.1955
vn -0.9128 0.2047 -0.3535
vn -0.5457 0.0423 0.8369
vn 0.0923 -0.1033 0.9904
vn -0.0706 0.0932 0.9931
vn -0.1048 0.5185 0.8487
vn 0.0184 0.3415 0.9397
vn -0.0588 0.0231 0.9980
vn 0.0511 0.2952 0.9541
vn 0.1618 0.9810 0.1071
vn 0.1775 0.9613 0.2106
vn 0.0077 0.9437 0.3307
vn -0.2425 -0.2227 0.9442
vn -0.1508 -0.1140 0.9820
vn 0.3671 -0.1313 0.9208
vn 0.3589 -0.1493 0.9214
vn -0.6572 -0.1112 0.7455
vn -0.9714 0.1474 -0.1862
vn -0.2841 0.0456 0.9577
vn -0.8445 0.3039 -0.4411
vn 0.2472 -0.2914 0.9241
vn -0.4297 0.8487 0.3083
vn 0.2118 0.0990 0.9723
vn 0.9775 0.2008 -0.0648
vn -0.0708 -0.0301 0.9970
vn 0.1804 -0.0376 0.9829
vn 0.1124 0.0222 0.9934
vn -0.0262 0.1514 0.9881
vn 0.0040 0.1077 0.9942
vn 0.5223 0.3298 0.7864
vn -0.0656 0.7203 0.6906
vn 0.0849 0.9786 0.1872
vn -0.1304 0.9544 -0.2684
vn 0.4312 0.8972 0.0953
vn 0.0162 -0.1206 0.9926
vn 0.0164 -0.0653 0.9977
vn 0.0048 0.9938 -0.1115
vn -0.1512 0.1941 0.9693
vn 0.0521 0.1085 0.9927
vn 0.1405 0.1825 0.9731
vn -0.2547 0.8004 0.5426
vn -0.4051 -0.3860 0.8288
vn 0.4226 0.2569 0.8691
vn 0.0175 0.6416 0.7669
vn 0.0617 0.9931 0.0998
vn -0.9503 0.0212 -0.3106
vn 0.0408 0.1748 0.9838
vn 0.3833 0.1279 0.9147
vn 0.0303 0.0275 0.9992
vn -0.1035 -0.2629 0.9593
vn -0.3899 0.0396 0.9200
vn 0.1171 0.0986 0.9882
vn 0.0188 0.2057 0.9784
vn 0.0868 0.2145 0.9729
vn 0.2581 0.4059 0.8767
vn 0.8432 0.4033 -0.3555
vn -0.6681 -0.4308 -0.6067
vn -0.9992 0.0104 -0.0375
vn 0.6360 0.6896 0.3464
vn 0.0263 0.1405 0.9897
vn -0.0315 -0.0940 0.9951
vn -0.0656 0.2068 0.9762
vn 0.5160 0.7969 0.3142
vn 0.2738 0.9405 -0.2014
vn -0.0855 0.9956 -0.0384
vn -0.3496 0.1610 0.9230
vn 0.0014 0.1266 0.9919
vn -0.1465 -0.2674 0.9524
vn -0.0515 -0.1655 0.9849
vn -0.4134 0.3264 0.8501
vn -0.0831 0.3903 0.9169
vn 0.8606 0.5079 0.0386
vn 0.6213 0.7288 0.2878
vn 0.4944 0.8168 0.2972
vn -0.2093 0.1177 0.9708
vn 0.6973 0.7050 0.1293
vn -0.2322 0.4406 0.8672
vn 0.0367 0.4238 0.9050
vn 0.2274 0.3920 0.8914
vn -0.3148 0.1291 0.9404
vn 0.1836 0.1598 0.9699
vn -0.0501 0.1739 0.9835
vn 0.1804 0.1336 0.9745
vn 0.3045 0.0630 0.9504
vn 0.2859 0.0787 0.9550
vn -0.2299 0.0358 0.9726
vn -0.1892 0.0036 0.9819
vn 0.1571 0.3674 0.9167
vn 0.2429 0.5956 0.7657
vn 0.2755 0.2101 0.9381
vn 0.9760 -0.2177 -0.0086
vn -0.0883 0.9903 0.1069
vn 0.7012 0.7106 -0.0571
vn -0.2057 0.1585 0.9657
vn -0.0904 0.3019 0.9491
vn -0.0190 0.0518 0.9985
vn -0.4022 0.3580 0.8426
vn -0.2381 0.6671 0.7059
vn -0.0881 0.6389 0.7643
vn 0.0937 0.6441 0.7592
vn 0.2575 0.5833 0.7704
vn -0.0638 0.7678 0.6376
vn -0.2027 0.5797 0.7892
vn 0.2558 0.9660 0.0377
vn 0.0448 0.2581 0.9651
vn -0.2365 0.1884 0.9532
vn -0.4016 0.3542 0.8445
vn 0.2116 0.8063 0.5524
vn -0.0460 0.7746 0.6308
vn 0.2362 0.2430 0.9408
vn -0.2454 0.2641 0.9327
vn 0.0247 0.2839 0.9585
vn 0.1129 0.2086 0.9715
vn 0.4883 0.8587 0.1556
vn -0.9811 -0.1120 0.1577
vn 0.2315 0.4623 0.8560
vn 0.2420 0.2615 0.9344
vn 0.0833 0.5844 0.8072
vn -0.2135 0.9663 -0.1436
vn -0.3336 0.8729 0.3561
vn 0.3013 0.8599 0.4121
vn -0.2192 0.2578 0.9410
vn 0.0176 0.3480 0.9373
vn 0.1737 0.1619 0.9714
vn 0.0149 0.3676 0.9299
vn -0.2059 0.3788 0.9023
vn -0.0342 0.2044 0.9783
vn 0.0281 0.2263 0.9736
vn -0.1739 0.1559 0.9723
vn -0.7343 -0.6103 0.2970
vn 0.1059 0.6573 0.7461
vn -0.0886 0.5278 0.8447
vn 0.1200 0.4033 0.9072
vn 0.1371 0.9904 -0.0202
vn 0.0666 0.5002 0.8633
vn -0.1508 0.8930 0.4240
vn -0.1423 0.9890 -0.0402
vn -0.1381 0.9578 0.2520
vn 0.0282 0.3263 0.9449
vn 0.0742 0.2074 0.9754
vn -0.1942 0.4743 0.8587
vn -0.1165 0.3332 0.9356
vn -0.1636 0.3649 0.9166
vn -0.1290 0.5292 0.8386
vn -0.4870 -0.4152 0.7684
vn -0.0811 -0.2765 0.9576
vn -0.0250 0.1124 -0.9933
vn -0.5476 0.3656 -0.7527
vn 0.7603 0.5428 0.3568
vn -0.3019 0.8258 0.4763
vn -0.5466 0.2467 0.8003
vn -0.3717 0.3165 0.8728
vn -0.0680 0.3127 0.9474
vn -0.0881 0.4204 0.9031
vn -0.1399 0.4035 0.9042
vn -0.1082 0.6034 0.7900
vn -0.1393 0.6968 0.7036
vn 0.0944 0.4285 0.8986
vn 0.0283 0.2653 0.9637
vn 0.0572 0.3887 0.9196
vn 0.2185 0.5831 0.7825
vn -0.2088 0.9632 -0.1693
vn -0.2459 0.0213 0.9691
vn -0.2214 0.3686 0.9029
vn -0.0693 0.4341 0.8982
vn 0.0422 0.4151 0.9088
vn 0.1583 0.3408 0.9267
vn -0.0633 0.2342 0.9701
vn -0.0391 0.1372 0.9898
vn -0.1744 -0.0100 0.9846
vn -0.1388 0.7183 0.6818
vn 0.6509 0.5926 0.4744
vn -0.1376 0.4057 0.9036
vn 0.1901 0.3960 0.8984
vn -0.2228 0.4400 0.8699
vn -0.0481 0.3042 0.9514
vn -0.1623 0.3098 0.9369
vn 0.0263 0.0783 0.9966
vn 0.1535 0.1283 0.9798
vn -0.0402 0.6645 0.7462
vn 0.0911 0.6128 0.7850
vn 0.6098 0.7803 0.1389
vn -0.1310 0.4910 0.8612
vn -0.2127 0.4614 0.8613
vn -0.1360 0.1557 0.9784
vn 0.2582 0.1880 0.9476
vn 0.0408 0.5353 0.8437
vn -0.2060 0.6997 0.6841
vn 0.2798 0.2811 0.9180
vn 0.3269 0.9320 0.1566
vn 0.0937 -0.3019 0.9487
vn -0.2067 0.3239 0.9232
vn 0.1038 0.1322 0.9858
vn -0.0104 0.5224 0.8527
vn -0.0834 0.2048 0.9752
vn 0.1490 0.2055 0.9672
vn 0.1855 0.3015 0.9352
vn 0.3005 0.5345 0.7899
vn 0.1542 0.2154 -0.9643
vn -0.0265 0.5096 0.8600
vn 0.0141 0.5619 0.8271
vn 0.2069 0.4443 0.8717
vn -0.1770 0.5328 0.8276
vn -0.0813 0.6739 0.7343
vn -0.1620 0.3627 0.9177
vn -0.4261 0.3997 -0.8116
vn -0.7411 -0.0226 -0.6710
vn 0.0560 0.6288 0.7756
vn 0.3772 0.2261 0.8981
vn 0.0023 0.5025 0.8646
vn 0.0643 0.6012 0.7965
vn -0.2770 0.6453 0.7119
vn -0.2754 0.5699 0.7742
vn -0.0692 0.4068 0.9109
vn 0.1988 0.3083 0.9303
vn 0.9572 0.2457 0.1531
vn 0.2750 -0.0378 0.9607
vn -0.0469 -0.0164 -0.9988
vn -0.5656 -0.1422 -0.8123
vn -0.2313 0.1448 -0.9620
vn -0.3423 -0.4317 -0.8345
vn -0.1917 -0.0956 -0.9768
vn 0.4164 -0.5112 0.7519
vn 0.6133 -0.1659 0.7723
vn -0.3460 0.1279 -0.9295
vn 0.5355 0.6062 0.5880
vn 0.0789 -0.3331 0.9396
vn 0.2826 -0.0245 0.9589
vn 0.2478 -0.1116 0.9624
vn 0.4610 -0.1574 0.8733
vn 0.5477 0.2498 0.7985
vn 0.1882 -0.4847 0.8542
vn 0.2646 -0.3048 0.9149
vn 0.0276 0.9952 -0.0936
vn 0.2546 0.0408 0.9662
vn 0.4091 -0.9102 -0.0651
vn 0.1393 0.2768 -0.9508
vn 0.7782 -0.0080 0.6280
vn -0.1429 -0.0822 0.9863
vn 0.1925 0.0757 0.9784
vn 0.7711 0.4837 0.4141
vn -0.1419 0.0129 0.9898
vn 0.1335 0.1056 0.9854
vn 0.3124 -0.0241 0.9497
vn 0.3763 0.5269 0.7621
vn 0.4339 0.2747 0.8581
vn 0.2499 0.0306 0.9678
vn 0.6668 -0.3792 0.6415
vn -0.2546 0.0683 -0.9646
vn 0.3547 0.4236 0.8335
vn -0.0915 0.1264 -0.9878
vn 0.3170 0.1700 0.9331
vn 0.5787 -0.0316 0.8149
vn 0.7016 0.0220 0.7122
vn 0.6116 -0.0185 0.7910
vn 0.6707 -0.5665 0.4787
vn 0.3691 0.5406 0.7560
vn 0.2136 -0.2840 0.9347
vn 0.3562 -0.0434 0.9334
vn -0.3771 0.1912 -0.9062
vn -0.1803 -0.3971 -0.8999
vn -0.8007 -0.5825 0.1397
vn 0.7051 0.2114 0.6769
vn 0.2747 0.4813 0.8324
vn 0.3855 0.1255 0.9141
vn 0.5909 -0.1889 0.7843
vn 0.7260 -0.4085 0.5533
vn 0.5366 0.2509 0.8057
vn 0.3844 0.4507 0.8057
vn 0.4917 -0.1322 0.8607
vn 0.3472 -0.4647 0.8145
vn 0.5455 -0.5700 0.6144
vn 0.6301 -0.6885 0.3591
vn 0.0751 0.6721 0.7366
vn 0.7613 -0.2741 0.5876
vn 0.5061 -0.4672 0.7250
vn 0.4208 -0.5694 0.7062
vn 0.4666 -0.4424 0.7659
vn 0.5430 0.1920 0.8175
vn 0.5090 0.3374 0.7919
vn 0.2856 0.3756 0.8817
vn 0.5780 0.2608 0.7732
vn 0.6085 0.2839 0.7410
vn 0.7104 0.0338 0.7029
vn 0.6178 -0.2903 0.7308
vn 0.4775 -0.3330 0.8130
vn 0.5045 -0.3304 0.7977
vn 0.6100 -0.6084 0.5077
vn 0.5627 -0.6919 0.4524
vn 0.7089 -0.6442 0.2871
vn 0.8558 0.4863 0.1765
vn 0.5846 -0.5653 0.5819
vn 0.6730 0.0834 0.7349
vn 0.9052 0.3201 0.2796
vn 0.4509 -0.4494 0.7712
vn 0.4606 -0.6055 0.6490
vn 0.5230 -0.4767 0.7066
vn 0.6180 -0.3764 0.6902
vn 0.7598 -0.4147 0.5007
vn 0.5340 -0.7869 0.3091
vn 0.8446 0.2344 0.4814
vn -0.6881 0.5687 -0.4506
vn 0.4465 -0.3423 0.8267
vn 0.5928 -0.4386 0.6754
vn 0.6191 -0.3946 0.6790
vn 0.3406 -0.0855 0.9363
vn 0.6264 -0.3831 0.6788
vn 0.1803 0.7915 0.5840
vn 0.3940 0.5008 0.7707
vn 0.8593 0.1521 0.4883
vn 0.9730 0.2254 0.0492
vn 0.3668 0.3070 0.8782
vn 0.4293 0.1809 0.8849
vn -0.2677 0.1948 -0.9436
vn 0.7561 0.2866 0.5884
vn 0.4355 -0.1728 0.8834
vn 0.5998 -0.3419 0.7234
vn 0.9250 -0.2025 0.3215
vn 0.9408 0.3089 0.1395
vn 0.4404 0.3066 0.8438
vn 0.4398 -0.2234 0.8699
vn 0.5960 -0.4160 0.6868
vn 0.5381 -0.3743 0.7552
vn 0.7927 0.3094 0.5253
vn 0.8739 0.2344 0.4259
vn 0.3332 -0.1277 0.9342
vn 0.6467 -0.3316 0.6869
vn 0.7179 -0.3301 0.6129
vn 0.8425 0.0403 0.5371
vn 0.8235 0.0842 0.5610
vn 0.4819 -0.0959 0.8710
vn 0.8008 -0.2544 0.5422
vn 0.8072 -0.0540 0.5878
vn 0.6228 0.2785 0.7311
vn 0.2907 0.0014 0.9568
vn 0.5851 -0.1801 0.7907
vn 0.8364 -0.0643 0.5443
vn 0.5714 0.2717 0.7744
vn 0.4404 0.5226 0.7300
vn 0.5505 0.2220 0.8048
vn 0.3169 -0.3432 0.8842
vn 0.3943 -0.1840 0.9004
vn 0.5902 -0.2142 0.7783
vn 0.5808 -0.1403 0.8018
vn 0.7793 0.3261 0.5352
vn 0.4419 -0.4232 0.7909
vn 0.6795 -0.1741 0.7127
vn 0.7034 -0.0773 0.7066
vn 0.1677 0.7240 0.6692
vn 0.6150 0.3639 0.6995
vn 0.6537 0.2734 0.7056
vn 0.4544 -0.2227 0.8625
vn 0.4814 -0.1771 0.8584
vn 0.5433 -0.1280 0.8297
vn 0.7979 -0.2568 0.5453
vn 0.5760 0.0796 0.8136
vn 0.9180 0.0097 0.3964
vn 0.7410 -0.1797 0.6470
vn 0.5413 0.4852 0.6867
vn 0.8818 0.4405 0.1685
vn 0.7386 0.0408 0.6729
vn 0.5489 -0.0456 0.8347
vn 0.7296 -0.1928 0.6562
vn 0.6112 0.3655 0.7021
vn 0.7576 0.1322 0.6392
vn 0.2194 0.6291 0.7457
vn 0.4164 -0.1240 0.9007
vn 0.5045 -0.2378 0.8300
vn 0.5130 -0.0847 0.8542
vn 0.6859 -0.0246 0.7273
vn 0.8602 -0.1149 0.4968
vn 0.7745 0.3011 0.5563
vn 0.6012 0.1282 0.7887
vn 0.7063 0.4087 0.5780
vn 0.5469 -0.0008 0.8372
vn 0.6060 0.0036 0.7955
vn 0.5730 -0.0288 0.8191
vn 0.5686 0.2120 0.7948
vn 0.5306 0.3236 0.7834
vn 0.5366 0.4553 0.7104
vn 0.6696 0.0941 0.7367
vn 0.8632 0.3092 -0.3991
vn 0.7002 -0.2611 0.6645
vn 0.8129 -0.0931 0.5749
vn 0.1763 0.6202 0.7644
vn 0.8317 0.2915 0.4726
vn 0.7960 -0.0229 -0.6048
vn 0.7028 0.3443 0.6225
vn 0.4404 -0.1611 0.8832
vn 0.6886 0.0208 0.7248
vn 0.6411 -0.1389 0.7547
vn 0.4887 -0.5084 0.7091
vn 0.4940 -0.2206 0.8410
vn 0.5210 0.0265 0.8531
vn 0.6969 0.3571 -0.6220
vn 0.6315 0.4477 0.6330
vn 0.5914 -0.0251 0.8060
vn 0.2799 0.3027 0.9111
vn 0.4091 -0.0922 0.9078
vn 0.5126 -0.1153 0.8508
vn 0.7591 -0.0532 0.6488
vn 0.8433 -0.0419 0.5359
vn 0.7592 0.0689 0.6472
vn 0.5549 0.2947 0.7780
vn -0.8253 -0.5630 0.0437
vn -0.0113 0.6481 0.7615
vn 0.4817 -0.4803 0.7330
vn 0.5822 -0.5211 0.6242
vn 0.5808 -0.2233 0.7828
vn 0.6436 -0.2046 0.7375
vn 0.6022 -0.1192 0.7894
vn 0.8662 -0.0260 0.4991
vn 0.6169 0.3537 0.7031
vn 0.5807 0.0276 0.8137
vn -0.0242 0.7151 0.6986
vn 0.7903 0.1451 0.5953
vn 0.3445 0.5871 0.7326
vn 0.4811 0.4717 0.7390
vn 0.6050 -0.7266 0.3255
vn 0.4578 0.3420 0.8206
vn 0.4505 -0.1464 0.8807
vn 0.5576 -0.2741 0.7835
vn 0.9357 0.0007 0.3528
vn -0.8787 0.1909 -0.4374
vn 0.5527 0.0528 0.8317
vn 0.9720 0.0650 0.2258
vn 0.4511 -0.8878 0.0916
vn 0.4204 -0.2336 0.8768
vn 0.5998 -0.1726 0.7813
vn 0.7067 -0.0607 0.7049
vn -0.9742 -0.1628 0.1562
vn 0.6643 0.4081 0.6262
vn 0.5240 -0.2189 0.8231
vn -0.9564 0.2678 0.1168
vn 0.6935 0.3911 0.6051
vn 0.3043 -0.0688 0.9501
vn 0.4346 -0.1745 0.8835
vn 0.8782 -0.0148 0.4780
vn 0.9227 0.2708 0.2742
vn 0.5709 0.4816 0.6649
vn 0.8482 0.1313 0.5131
vn 0.6430 -0.2519 0.7233
vn 0.6061 -0.1606 0.7790
vn 0.8082 -0.0346 0.5878
vn 0.9095 0.2872 0.3005
vn 0.8557 0.3559 0.3755
vn 0.6490 0.4231 0.6323
vn 0.7671 -0.2089 0.6066
vn 0.3754 0.3020 0.8763
vn 0.6561 -0.6410 0.3983
vn 0.8383 0.2824 -0.4664
vn 0.7940 0.2629 0.5481
vn 0.5087 0.4626 0.7261
vn 0.7588 0.1531 0.6330
vn 0.8208 0.0957 0.5632
vn 0.4546 0.3682 0.8110
vn 0.2841 0.0294 0.9583
vn 0.4122 0.1318 0.9015
vn 0.5139 0.0771 0.8544
vn 0.6201 -0.0613 0.7821
vn 0.6392 -0.0516 0.7673
vn 0.7403 -0.1273 0.6601
vn 0.9529 0.2492 0.1728
vn 0.3912 0.5988 0.6988
vn 0.7560 -0.5214 0.3957
vn 0.2593 0.1934 0.9462
vn 0.6251 0.0931 0.7750
vn 0.9431 0.0285 0.3314
vn 0.9840 0.0755 0.1612
vn 0.7771 -0.0153 0.6292
vn 0.7198 -0.0838 0.6891
vn 0.4446 0.5125 0.7346
vn 0.7907 0.2753 -0.5468
vn 0.6440 -0.2349 0.7281
vn 0.4357 0.0971 0.8949
vn 0.2678 0.6933 0.6690
vn 0.3431 0.5371 0.7706
vn 0.5537 -0.4211 0.7184
vn 0.3807 0.2595 0.8875
vn 0.9331 -0.3485 -0.0886
vn 0.5738 0.1404 0.8069
vn 0.4765 0.4213 0.7716
vn 0.9117 0.3948 0.1139
vn 0.5192 0.3991 0.7557
vn 0.3523 0.2424 0.9039
vn 0.5322 0.0497 0.8451
vn 0.6358 -0.0214 0.7716
vn 0.7680 -0.0200 0.6401
vn -0.3571 -0.6381 0.6821
vn 0.5312 0.3902 0.7521
vn 0.8079 0.3690 0.4595
vn 0.8478 -0.2133 0.4856
vn 0.7962 -0.3545 0.4903
vn 0.7339 0.5015 0.4581
vn 0.8319 0.0622 0.5515
vn 0.9637 -0.2606 0.0578
vn 0.6339 0.0502 0.7718
vn 0.9451 0.0739 -0.3184
vn 0.8354 0.3357 0.4353
vn 0.4796 0.0040 0.8775
vn 0.5331 0.1314 0.8358
vn 0.7586 0.3500 0.5495
vn 0.7360 0.1797 0.6527
vn 0.5327 0.2844 0.7971
vn 0.2934 0.1383 0.9459
vn 0.5833 0.2155 0.7832
vn 0.7518 -0.0275 0.6588
vn 0.7738 -0.0151 0.6332
vn 0.8778 0.4347 -0.2012
vn 0.3700 0.4684 0.8023
vn 0.2528 0.7769 0.5766
vn 0.7315 0.3000 0.6123
vn 0.5189 0.2764 0.8089
vn 0.8276 -0.3830 0.4103
vn 0.4626 0.2241 0.8577
vn 0.5501 0.1197 0.8265
vn 0.5602 0.0586 0.8263
vn 0.4289 0.5558 0.7121
vn -0.9358 -0.3039 0.1788
vn -0.3577 0.0724 -0.9310
vn -0.9900 -0.0947 0.1042
vn -0.9781 0.1197 0.1703
vn -0.9842 0.1711 -0.0448
vn 0.6253 0.0331 0.7796
vn 0.7607 0.1786 0.6240
vn 0.5442 0.3476 0.7636
vn 0.8161 0.2456 0.5232
vn 0.7435 0.1297 0.6561
vn 0.5778 0.3554 0.7347
vn 0.7927 -0.1470 0.5916
vn 0.2044 0.4468 0.8710
vn 0.6154 0.3374 0.7124
vn 0.5916 0.4753 0.6512
vn -0.9409 -0.0464 -0.3354
vn 0.7415 -0.1883 0.6440
vn 0.7903 -0.0103 0.6126
vn 0.6187 0.2967 0.7275
vn -0.9751 -0.2078 -0.0774
vn 0.5788 -0.7951 -0.1813
vn 0.5622 -0.7990 -0.2134
vn 0.9610 0.1604 0.2252
vn 0.3774 -0.8820 -0.2821
vn 0.4836 -0.7798 -0.3975
vn 0.8267 -0.5217 -0.2106
vn 0.7261 -0.5873 0.3576
vn 0.5333 -0.8304 -0.1614
vn 0.6703 -0.6431 -0.3703
vn 0.5895 -0.5495 -0.5920
vn -0.6980 -0.7147 0.0458
vn -0.7918 -0.5648 -0.2325
vn 0.8759 0.4223 0.2334
vn 0.8637 0.3425 0.3698
vn 0.9611 -0.2677 -0.0673
vn -0.1293 0.1170 -0.9847
vn 0.4723 -0.7943 -0.3822
vn 0.4278 -0.6903 -0.5835
vn 0.7766 -0.5643 -0.2801
vn 0.8634 -0.4169 0.2841
vn 0.9413 -0.3204 -0.1063
vn 0.9564 0.2118 -0.2011
vn 0.8931 -0.0579 -0.4461
vn -0.7938 -0.4421 0.4175
vn 0.5674 -0.8222 0.0449
vn 0.6760 -0.6918 -0.2539
vn 0.8001 -0.5252 -0.2897
vn 0.7531 -0.5586 -0.3476
vn 0.5633 -0.7509 0.3448
vn 0.5556 -0.7336 -0.3914
vn 0.6071 0.1936 -0.7706
vn 0.5052 -0.8497 -0.1509
vn 0.9357 0.3006 -0.1845
vn 0.4020 -0.3537 -0.8446
vn 0.6576 -0.7494 -0.0771
vn 0.6199 -0.6034 -0.5016
vn 0.4353 0.3186 -0.8420
vn 0.6622 -0.6887 -0.2951
vn 0.7725 -0.2809 -0.5695
vn -0.0908 0.5769 -0.8118
vn 0.9330 0.2082 0.2935
vn 0.6785 -0.7229 0.1307
vn 0.8140 -0.5751 -0.0813
vn 0.4503 -0.5434 -0.7084
vn -0.6084 -0.7705 0.1901
vn 0.6709 -0.6080 -0.4246
vn 0.7196 -0.6507 -0.2426
vn 0.6494 -0.6507 -0.3935
vn 0.7078 -0.5598 -0.4310
vn 0.5285 -0.3845 -0.7569
vn -0.0100 0.3321 -0.9432
vn 0.9185 0.2920 0.2665
vn 0.9950 -0.0670 -0.0745
vn 0.9919 0.1122 0.0594
vn 0.9922 -0.0343 0.1202
vn -0.2606 -0.8382 0.4791
vn 0.9275 0.2542 0.2741
vn 0.8217 -0.5461 -0.1631
vn 0.8306 0.4585 0.3161
vn 0.9230 0.2818 -0.2619
vn 0.7879 -0.6134 0.0545
vn 0.7833 -0.4652 -0.4123
vn 0.5676 -0.3300 -0.7543
vn 0.9225 0.3411 0.1808
vn 0.7960 -0.5273 0.2972
vn 0.8468 -0.4857 -0.2170
vn 0.6680 -0.4254 -0.6106
vn -0.3173 -0.6782 -0.6628
vn 0.8058 -0.4916 -0.3302
vn -0.7683 -0.1652 -0.6184
vn 0.9215 -0.3209 0.2188
vn -0.0484 0.9288 -0.3674
vn 0.9582 0.1203 0.2597
vn 0.8988 -0.4362 0.0429
vn 0.9562 -0.2929 0.0018
vn 0.7494 -0.2360 -0.6187
vn 0.6892 -0.3195 -0.6503
vn 0.9268 -0.2017 -0.3168
vn -0.7058 -0.6287 0.3264
vn 0.9575 -0.2683 -0.1060
vn 0.7123 -0.4029 -0.5747
vn 0.7613 -0.4639 -0.4531
vn 0.8248 -0.3108 -0.4724
vn 0.9307 -0.3248 -0.1682
vn 0.8681 -0.2904 -0.4025
vn 0.7634 -0.1093 -0.6366
vn -0.1682 0.8638 -0.4749
vn -0.9246 -0.2670 -0.2717
vn 0.9871 -0.0949 0.1291
vn 0.9269 -0.1342 -0.3505
vn 0.8166 -0.0824 -0.5713
vn 0.8364 -0.2927 -0.4635
vn 0.7542 -0.2984 -0.5850
vn -0.0152 0.8278 -0.5609
vn -0.9399 0.3064 0.1508
vn 0.9905 -0.0700 -0.1181
vn 0.7690 -0.3436 -0.5391
vn 0.6716 -0.2255 -0.7057
vn 0.9922 0.0475 0.1156
vn -0.6795 -0.7307 0.0665
vn -0.6909 -0.7205 -0.0589
vn 0.9283 0.0829 -0.3624
vn 0.6773 -0.2735 -0.6830
vn -0.9642 0.0584 0.2586
vn -0.9958 -0.0830 0.0397
vn 0.8982 0.2615 0.3534
vn -0.7952 -0.5621 0.2272
vn 0.4636 -0.8850 -0.0442
vn 0.9518 0.1417 0.2721
vn 0.9434 0.2117 -0.2554
vn 0.8784 -0.2279 -0.4200
vn 0.7485 -0.2150 -0.6274
vn 0.9556 0.2742 0.1075
vn -0.9227 -0.3700 -0.1081
vn 0.8132 -0.2227 -0.5377
vn 0.6450 -0.1133 -0.7557
vn -0.8085 0.1437 -0.5707
vn -0.9573 0.2477 -0.1489
vn -0.4198 0.8262 -0.3758
vn -0.6683 -0.0204 -0.7436
vn 0.9913 0.1299 0.0211
vn 0.8466 -0.1344 -0.5151
vn 0.7278 -0.0611 -0.6830
vn -0.9606 0.2723 0.0555
vn 0.9818 -0.1885 -0.0214
vn -0.2724 -0.9432 -0.1900
vn 0.8557 0.2346 -0.4613
vn 0.9051 0.3435 0.2504
vn 0.9056 0.3953 0.1538
vn 0.9777 0.1460 0.1509
vn 0.6880 -0.1418 -0.7117
vn -0.8820 -0.3508 -0.3146
vn -0.2628 -0.9129 0.3122
vn -0.6550 -0.3235 0.6829
vn 0.7173 0.6955 -0.0430
vn 0.3501 0.6903 -0.6332
vn 0.6428 -0.1368 -0.7537
vn 0.1490 0.8710 -0.4682
vn -0.7180 -0.5726 -0.3957
vn 0.3583 -0.6817 -0.6379
vn -0.8859 -0.0521 -0.4609
vn 0.9923 0.1219 0.0207
vn 0.9252 0.2118 -0.3149
vn 0.9353 0.3492 0.0578
vn -0.9975 0.0627 -0.0320
vn -0.9038 -0.3458 -0.2523
vn 0.7537 0.0512 -0.6552
vn 0.6436 -0.1562 -0.7493
vn 0.7022 -0.7116 0.0227
vn -0.8984 -0.4364 -0.0505
vn -0.4947 -0.5329 0.6865
vn 0.9692 -0.2033 -0.1394
vn 0.9733 -0.0930 0.2100
vn 0.9281 -0.1270 -0.3501
vn 0.9175 -0.1468 -0.3697
vn 0.7466 -0.0536 -0.6632
vn 0.6963 -0.1594 -0.6998
vn 0.4806 -0.7131 0.5105
vn -0.9251 0.2294 -0.3025
vn 0.9010 0.0867 0.4250
vn 0.9590 -0.0231 -0.2826
vn 0.9133 -0.0441 -0.4048
vn 0.4614 0.4336 -0.7740
vn -0.3596 0.1104 -0.9266
vn -0.8951 0.0126 -0.4456
vn 0.9363 0.0644 -0.3453
vn -0.9512 -0.0872 -0.2959
vn 0.9747 0.1867 0.1233
vn 0.5385 -0.7891 -0.2955
vn 0.9853 0.0540 -0.1618
vn 0.9924 0.0502 -0.1122
vn 0.8256 0.0049 -0.5642
vn 0.9375 0.3309 -0.1079
vn 0.9479 0.0769 0.3090
vn 0.9624 0.1798 -0.2037
vn 0.9261 0.1848 0.3289
vn 0.8767 0.4793 -0.0397
vn -0.9157 0.0858 -0.3927
vn 0.8334 -0.0723 -0.5479
vn 0.7850 -0.1000 -0.6114
vn -0.9947 -0.0675 -0.0780
vn 0.9983 -0.0362 0.0462
vn 0.9620 0.0186 -0.2725
vn 0.7994 -0.2645 -0.5393
vn 0.7050 -0.1314 -0.6969
vn -0.9768 -0.1755 0.1230
vn -0.6601 -0.1923 -0.7261
vn 0.9939 0.1069 -0.0278
vn 0.9814 -0.1083 -0.1585
vn 0.8725 0.1392 0.4683
vn -0.6446 -0.6132 0.4566
vn -0.9858 -0.1330 -0.1030
vn 0.9297 0.3680 0.0167
vn -0.6511 -0.5171 -0.5556
vn -0.9797 -0.0275 -0.1984
vn -0.8958 0.2368 -0.3762
vn -0.5640 -0.0914 -0.8207
vn 0.9932 0.1050 0.0507
vn 0.8927 -0.0943 -0.4408
vn 0.7211 -0.1600 -0.6741
vn -0.4637 0.7530 -0.4669
vn -0.7396 0.3961 -0.5442
vn 0.8741 0.4720 0.1145
vn 0.9993 -0.0367 0.0035
vn 0.9963 0.0837 -0.0204
vn 0.9718 0.0392 -0.2324
vn 0.5361 -0.8440 0.0129
vn 0.6592 0.7473 0.0834
vn 0.3422 0.9140 0.2180
vn 0.6411 0.6561 0.3981
vn 0.7558 0.5447 0.3635
vn 0.2041 0.9181 0.3396
vn -0.1501 0.8779 0.4546
vn -0.2640 0.9593 0.0999
vn 0.0968 0.9951 0.0200
vn 0.5535 0.8045 0.2156
vn -0.1150 0.7084 0.6964
vn -0.2216 0.9309 0.2903
vn -0.2255 0.9733 -0.0430
vn -0.0765 0.9559 0.2837
vn 0.5258 0.7050 0.4760
vn -0.0882 0.9131 0.3981
vn 0.2348 0.9476 0.2164
vn -0.2161 0.9149 0.3410
vn -0.2637 0.9630 0.0551
vn -0.1572 0.8799 0.4484
vn 0.6766 0.7335 0.0651
vn 0.3064 0.8091 0.5015
vn 0.2487 0.9637 0.0968
vn -0.2582 0.9622 0.0866
vn 0.5597 0.7338 0.3850
vn 0.3500 0.7766 0.5239
vn -0.2883 0.9408 0.1781
vn 0.1465 0.8712 0.4686
vn -0.5104 0.7957 0.3260
vn 0.3379 0.8742 0.3486
vn -0.9747 -0.2128 -0.0687
vn 0.1171 0.8542 0.5065
vn 0.8474 0.4735 0.2404
vn 0.4047 0.9140 -0.0294
vn 0.2268 0.9524 -0.2037
vn 0.0454 0.8789 0.4749
vn 0.1787 0.9630 0.2018
vn -0.0882 0.9933 0.0745
vn 0.0135 0.9792 0.2023
vn -0.9267 -0.2968 -0.2303
vn 0.0392 0.9807 0.1916
vn -0.8653 0.0937 -0.4924
vn -0.0130 0.9989 -0.0453
vn -0.1729 0.9824 0.0702
vn 0.6972 0.5720 0.4322
vn 0.0056 0.8217 0.5699
vn 0.8129 0.3756 0.4451
vn 0.4624 0.8686 0.1779
vn -0.4860 0.8098 -0.3288
vn -0.9474 0.0967 -0.3051
vn -0.9116 0.2695 -0.3103
vn 0.0192 0.9986 -0.0493
vn -0.1480 0.8330 0.5331
vn -0.8706 0.4010 -0.2849
vn -0.8101 -0.5260 -0.2591
vn -0.8867 -0.4130 0.2080
vn -0.2461 0.9692 0.0103
vn 0.6556 0.6985 0.2869
vn 0.4922 0.8257 0.2756
vn 0.6260 0.7219 -0.2950
vn -0.7057 0.6192 -0.3443
vn 0.2639 0.9641 -0.0290
vn -0.2048 0.9514 0.2298
vn 0.7624 0.5699 -0.3066
vn -0.7388 0.2124 -0.6396
vn -0.6654 0.5940 -0.4520
vn -0.0247 0.9991 -0.0341
vn -0.9486 -0.1894 0.2537
vn 0.8258 0.3972 -0.4004
vn 0.5175 0.7987 0.3071
vn 0.6541 0.6527 -0.3823
vn -0.9735 -0.0417 -0.2249
vn -0.8997 -0.4301 -0.0740
vn 0.3356 0.8537 0.3981
vn -0.0250 0.9011 0.4329
vn 0.9176 0.3709 -0.1429
vn 0.0453 0.9113 0.4092
vn 0.7517 0.6438 -0.1433
vn -0.6292 -0.7771 0.0144
vn -0.8896 0.2921 0.3510
vn -0.5981 0.3128 -0.7379
vn -0.5047 0.8084 0.3031
vn 0.3723 0.9149 -0.1561
vn 0.2660 0.8101 0.5225
vn 0.8079 0.5683 -0.1559
vn 0.7200 0.6443 -0.2580
vn -0.6858 0.1761 -0.7062
vn -0.9563 0.1648 0.2413
vn 0.0088 0.9322 0.3617
vn 0.1093 0.8702 0.4805
vn 0.2573 0.9185 0.3004
vn 0.1672 0.9605 0.2224
vn 0.7690 0.6171 0.1666
vn -0.0304 0.8465 0.5316
vn 0.6451 0.7545 -0.1212
vn 0.5722 0.7614 -0.3046
vn -0.9843 0.1652 -0.0614
vn -0.5147 0.8021 0.3029
vn -0.2032 0.7745 0.5990
vn 0.4904 0.8238 -0.2845
vn -0.8945 -0.2961 0.3349
vn -0.0648 0.8797 0.4711
vn 0.6680 0.6167 0.4164
vn 0.3449 0.9343 0.0898
vn 0.0742 0.7760 0.6264
vn -0.1920 0.8928 0.4074
vn 0.0642 0.9970 -0.0438
vn 0.0932 0.9874 -0.1280
vn 0.8132 0.5819 -0.0139
vn 0.3915 0.8577 -0.3332
vn -0.7880 0.1547 -0.5959
vn -0.9982 -0.0002 -0.0607
vn -0.4414 0.8922 -0.0959
vn 0.6930 0.6872 0.2181
vn -0.8237 0.4957 0.2754
vn 0.0524 0.7142 0.6980
vn 0.7551 0.5899 0.2862
vn 0.5610 0.7968 0.2244
vn 0.2857 0.9575 0.0387
vn 0.6423 0.7659 -0.0283
vn 0.2775 0.9174 -0.2853
vn -0.6834 0.2858 -0.6717
vn -0.2364 0.9639 -0.1228
vn 0.4382 0.7024 0.5610
vn -0.1372 0.8046 0.5777
vn -0.5881 0.7991 -0.1248
vn 0.5197 0.8190 0.2431
vn 0.3524 0.8027 0.4810
vn 0.2074 0.9334 0.2927
vn -0.1352 0.9864 0.0932
vn -0.3880 0.9151 0.1103
vn 0.5775 0.8147 -0.0532
vn 0.4561 0.8792 -0.1376
vn -0.9765 -0.1343 0.1687
vn 0.8555 0.5042 0.1182
vn -0.1241 0.8507 0.5108
vn 0.1450 0.9055 0.3988
vn 0.0066 0.9388 0.3443
vn 0.6666 0.6010 0.4409
vn -0.3779 0.9202 0.1024
vn 0.7482 0.6629 -0.0281
vn 0.5615 0.8109 -0.1647
vn 0.8274 0.4868 0.2800
vn 0.8111 0.5488 0.2026
vn 0.6061 0.7274 0.3217
vn 0.4723 0.8199 0.3235
vn -0.1294 0.9185 0.3737
vn 0.2170 0.9397 0.2644
vn -0.0881 0.9203 0.3811
vn 0.7444 0.6672 -0.0266
vn 0.6735 0.7392 0.0067
vn 0.3341 0.9360 -0.1111
vn 0.1584 0.9772 -0.1416
vn -0.0381 0.9686 -0.2458
vn 0.1543 0.7866 0.5978
vn 0.5577 0.6238 0.5477
vn 0.2551 0.9000 0.3534
vn 0.3066 0.8025 0.5119
vn 0.8096 0.3344 0.4824
vn 0.4605 0.8871 -0.0314
vn -0.9700 0.1499 -0.1915
vn -0.9504 0.3106 -0.0153
vn -0.6261 0.4604 0.6293
vn 0.1461 0.9359 0.3206
vn 0.3170 0.5808 0.7498
vn -0.0919 0.9079 0.4090
vn -0.9931 -0.0959 0.0678
vn 0.7517 0.6248 0.2113
vn -0.3087 0.9092 0.2796
vn 0.7716 0.6341 0.0494
vn 0.5587 0.8283 0.0417
vn -0.8439 0.1580 -0.5128
vn 0.2611 0.9652 0.0129
vn 0.2239 0.9700 -0.0945
vn -0.5043 0.8619 0.0532
vn -0.6232 0.7266 0.2891
vn 0.8503 0.5052 -0.1474
vn -0.4190 0.8904 -0.1778
vn -0.2597 0.8655 0.4283
vn -0.1326 0.9814 -0.1388
vn -0.9581 0.1166 0.2617
vn -0.4070 -0.8167 0.4092
vn -0.7545 -0.4414 -0.4856
vn -0.9105 -0.3934 0.1271
vn 0.2848 0.2989 -0.9108
vn -0.3347 -0.2713 -0.9024
vn -0.4123 0.1366 -0.9007
vn -0.9244 -0.3470 0.1584
vn -0.7404 -0.2899 0.6064
vn -0.7990 -0.1466 0.5832
vn -0.9894 0.1365 0.0494
vn -0.7702 0.2084 0.6028
vn -0.8734 0.1274 0.4701
vn -0.8610 0.1682 -0.4800
vn -0.9682 0.1377 -0.2087
vn -0.8797 0.2811 0.3835
vn -0.5318 0.3740 0.7598
vn -0.5244 0.0479 0.8501
vn -0.2920 -0.0808 -0.9530
vn -0.2516 0.0313 0.9673
vn -0.9771 0.2090 -0.0409
vn -0.9302 0.3667 0.0159
vn -0.7967 0.4021 0.4512
vn -0.7057 0.3736 0.6020
vn -0.6927 0.3771 0.6148
vn -0.7493 0.6276 0.2114
vn -0.1354 0.3599 0.9231
vn -0.7576 0.0230 0.6523
vn -0.4548 0.1045 0.8844
vn -0.3692 0.8010 0.4712
vn -0.0583 0.0242 -0.9980
vn -0.6091 0.4814 0.6303
vn -0.7868 0.5110 -0.3463
vn -0.8258 0.1226 0.5505
vn -0.7246 0.2760 0.6315
vn -0.7805 0.2312 0.5808
vn -0.5957 0.2008 0.7777
vn -0.7386 0.6481 0.1857
vn -0.6917 0.1629 0.7036
vn -0.8145 -0.3603 0.4548
vn -0.6750 0.4354 0.5957
vn -0.2933 0.3924 0.8717
vn -0.7728 0.6211 -0.1306
vn -0.5937 0.5653 0.5727
vn -0.9015 0.3058 0.3062
vn -0.6865 -0.3326 0.6466
vn -0.6115 0.5108 0.6043
vn -0.5189 0.4786 0.7083
vn -0.6040 0.0877 0.7921
vn -0.5057 0.6356 0.5833
vn -0.3913 0.7820 0.4851
vn 0.4572 0.2489 -0.8538
vn -0.6310 -0.3399 0.6974
vn -0.5388 0.7584 0.3669
vn -0.7766 -0.0731 0.6257
vn -0.6584 0.5289 0.5354
vn -0.5072 0.7046 0.4962
vn -0.1684 0.6427 0.7474
vn -0.5538 0.7718 0.3125
vn -0.4500 0.7663 0.4585
vn -0.6062 0.7743 0.1815
vn -0.1736 0.9354 0.3081
vn -0.6634 -0.1777 0.7269
vn -0.8136 0.2377 0.5305
vn -0.7106 0.6121 0.3471
vn -0.3740 0.5303 0.7609
vn -0.7255 0.4452 0.5248
vn -0.3522 -0.4003 0.8460
vn -0.6644 0.5293 0.5277
vn -0.3490 0.8001 0.4878
vn -0.5030 0.7176 0.4817
vn -0.4767 0.6791 0.5582
vn -0.4206 0.0293 0.9068
vn -0.7112 0.3948 0.5817
vn -0.2807 -0.2596 0.9240
vn -0.4215 0.6755 0.6050
vn -0.4907 0.7308 0.4745
vn -0.5430 0.6441 0.5388
vn -0.8445 -0.0768 0.5300
vn -0.7046 0.6314 0.3238
vn -0.8819 -0.2245 0.4146
vn -0.9373 0.2440 0.2489
vn -0.3099 0.8188 0.4833
vn -0.3144 0.8423 0.4377
vn -0.6571 0.5383 0.5277
vn -0.6108 -0.0152 0.7917
vn -0.8511 0.3992 0.3409
vn -0.7800 0.1256 0.6131
vn -0.9658 -0.2218 0.1341
vn -0.6341 0.6223 0.4589
vn -0.4708 -0.1482 0.8697
vn -0.7986 0.4070 0.4434
vn -0.4828 0.7476 0.4560
vn -0.2743 0.6487 0.7099
vn -0.6667 -0.1461 0.7308
vn -0.5854 0.7101 0.3913
vn -0.7684 0.0237 0.6395
vn -0.9062 0.1105 0.4082
vn -0.3325 0.7508 0.5708
vn -0.4439 0.0081 0.8961
vn -0.1209 -0.0118 -0.9926
vn -0.7537 0.2819 0.5937
vn -0.9333 -0.0381 0.3570
vn -0.8572 -0.0286 0.5142
vn -0.8494 0.0360 0.5264
vn -0.8652 0.2787 0.4168
vn -0.4058 0.1679 0.8984
vn -0.7733 -0.0289 0.6334
vn -0.5190 -0.1745 -0.8368
vn -0.4128 0.1880 0.8912
vn -0.6955 -0.6901 0.2003
vn -0.9740 -0.0056 -0.2264
vn -0.6804 -0.7194 0.1397
vn -0.7277 -0.5830 0.3613
vn -0.9881 -0.1082 0.1092
vn -0.7124 -0.1652 0.6820
vn -0.8639 -0.3860 0.3235
vn -0.6803 -0.1939 0.7068
vn -0.7423 -0.0047 0.6701
vn -0.8394 -0.1705 0.5161
vn -0.3265 -0.8227 0.4653
vn -0.4745 0.6515 0.5919
vn -0.8054 -0.3257 0.4953
vn -0.7940 -0.1432 0.5909
vn -0.8030 0.0922 0.5888
vn -0.4807 0.8018 0.3550
vn -0.8117 0.4394 0.3848
vn -0.7657 0.3909 0.5108
vn -0.5305 -0.2333 0.8150
vn -0.5032 -0.1749 0.8463
vn -0.3821 0.4409 -0.8122
vn -0.7796 -0.1531 0.6073
vn -0.6294 -0.4441 0.6377
vn -0.7647 -0.1936 0.6146
vn -0.3768 -0.2079 0.9027
vn -0.4600 -0.3252 0.8262
vn -0.6000 0.3757 0.7063
vn -0.3065 0.9481 0.0849
vn 0.2271 0.2184 -0.9491
vn -0.0609 -0.5818 0.8111
vn -0.7110 0.6173 0.3368
vn -0.7754 0.2686 0.5715
vn -0.7641 0.1512 0.6271
vn -0.7695 0.0712 0.6346
vn -0.9209 0.0448 0.3872
vn -0.9176 0.2702 0.2915
vn -0.4184 0.5192 0.7452
vn -0.4643 0.0003 -0.8857
vn -0.6628 -0.2501 0.7058
vn -0.6538 0.1764 -0.7358
vn -0.0517 0.3846 -0.9216
vn -0.6940 0.2488 0.6756
vn -0.5588 0.8010 -0.2148
vn -0.5069 -0.0741 0.8588
vn -0.9050 -0.3986 -0.1490
vn -0.3880 -0.2675 0.8820
vn -0.5772 0.5187 0.6307
vn 0.0655 -0.8422 0.5352
vn -0.7181 0.0706 0.6923
vn -0.4455 0.3409 -0.8278
vn -0.6399 -0.3420 0.6881
vn -0.9144 0.3460 0.2104
vn -0.6416 -0.1615 0.7498
vn -0.6542 0.1418 0.7429
vn -0.7608 -0.3891 0.5193
vn -0.7256 0.2182 0.6526
vn -0.8494 0.2534 0.4630
vn -0.4343 0.5587 0.7065
vn -0.6778 0.1069 0.7275
vn -0.5374 0.1981 0.8197
vn -0.0230 -0.0800 -0.9965
vn -0.6330 -0.4823 0.6055
vn -0.0024 0.4195 -0.9078
vn -0.6847 0.6427 0.3436
vn -0.8209 -0.2754 0.5003
vn -0.6167 -0.3741 0.6927
vn -0.1605 -0.0882 0.9831
vn -0.5238 -0.3440 -0.7793
vn -0.8784 0.0420 0.4761
vn -0.1643 -0.2078 -0.9643
vn -0.2104 0.2703 -0.9395
vn -0.1635 0.3275 -0.9306
vn -0.2630 -0.1110 -0.9584
vn -0.0604 0.3584 -0.9316
vn -0.8029 -0.3209 0.5023
vn -0.8896 -0.2984 -0.3457
vn -0.8609 0.3616 -0.3579
vn -0.9217 0.2653 -0.2829
vn -0.7353 -0.5201 -0.4346
vn 0.0580 0.9670 -0.2479
vn -0.8106 0.2805 -0.5140
vn -0.8404 0.4284 -0.3319
vn -0.5637 -0.6515 -0.5078
vn -0.6810 0.5267 -0.5088
vn -0.9163 0.1471 -0.3724
vn -0.5885 0.4038 -0.7005
vn -0.8602 0.1709 -0.4805
vn -0.5913 0.5469 -0.5926
vn -0.7351 0.5411 -0.4085
vn -0.7140 -0.6221 -0.3211
vn -0.6830 0.4162 -0.6002
vn -0.9570 -0.1302 -0.2594
vn -0.6758 0.4891 -0.5513
vn -0.9144 0.2905 -0.2819
vn -0.8717 0.0897 -0.4817
vn -0.8368 0.5460 -0.0414
vn -0.8611 -0.2861 -0.4203
vn -0.8524 0.5077 -0.1246
vn 0.1058 0.7609 -0.6402
vn -0.0895 0.7710 -0.6306
vn -0.6983 0.5779 -0.4223
vn -0.5795 0.7809 -0.2330
vn -0.9804 0.1329 -0.1458
vn -0.5932 0.8030 0.0574
vn -0.6425 0.5921 -0.4864
vn -0.9178 0.3785 0.1197
vn -0.7623 0.4068 -0.5033
vn -0.8263 0.5040 -0.2513
vn -0.8091 0.5067 -0.2976
vn -0.7993 0.2459 -0.5483
vn -0.4772 0.8784 -0.0271
vn -0.9860 -0.1260 -0.1091
vn -0.6629 0.6385 -0.3910
vn -0.6178 0.7028 -0.3527
vn -0.6848 0.7283 -0.0255
vn -0.7831 0.5203 0.3406
vn -0.4863 0.7155 -0.5016
vn -0.4149 0.8457 -0.3357
vn -0.3964 0.8601 0.3212
vn -0.8922 0.4167 0.1743
vn -0.5071 0.7516 -0.4219
vn -0.4840 0.8467 -0.2212
vn -0.6123 0.7530 -0.2411
vn -0.9959 0.0792 0.0428
vn -0.9107 0.3581 0.2061
vn -0.9657 0.2107 0.1519
vn -0.1856 0.3123 -0.9317
vn -0.8456 -0.2955 -0.4446
vn -0.6747 0.7177 -0.1724
vn -0.4348 -0.8739 -0.2175
vn -0.6522 0.7041 0.2808
vn -0.4480 0.8907 -0.0770
vn -0.6811 0.7320 0.0170
vn -0.7551 0.2833 -0.5912
vn -0.8075 0.5470 -0.2210
vn -0.8553 0.3310 -0.3987
vn -0.9738 -0.2276 0.0024
vn -0.3317 0.9055 -0.2648
vn -0.4748 0.8419 -0.2566
vn -0.9675 0.2407 0.0775
vn -0.8385 0.5439 0.0336
vn -0.4599 0.8749 0.1519
vn -0.6481 -0.5793 -0.4944
vn -0.5776 0.3560 -0.7346
vn -0.9599 0.2203 -0.1735
vn -0.9902 -0.1360 -0.0306
vn 0.1774 0.7973 -0.5769
vn 0.0193 0.4130 -0.9105
vn -0.6281 0.7517 -0.2009
vn 0.5350 0.4249 -0.7303
vn 0.7182 0.5166 -0.4662
vn -0.7864 -0.0000 -0.6177
vn -0.8664 0.3593 -0.3468
vn -0.9486 0.2788 0.1496
vn -0.9597 0.1168 -0.2556
vn -0.9772 0.1242 0.1723
vn -0.9043 -0.0956 -0.4161
vn -0.9506 0.1733 -0.2574
vn -0.1992 0.6290 -0.7515
vn -0.9947 0.0829 -0.0615
vn -0.6404 0.6770 -0.3628
vn -0.8115 0.3057 -0.4980
vn -0.8418 0.3963 -0.3665
vn -0.9004 -0.1613 -0.4041
vn -0.9545 -0.2419 -0.1746
vn -0.6095 0.7835 0.1211
vn -0.5254 -0.6075 -0.5958
vn -0.8971 -0.3939 -0.2000
vn -0.8155 -0.1396 -0.5617
vn -0.8008 -0.4476 0.3979
vn -0.7926 0.2258 -0.5664
vn -0.8755 0.2682 -0.4021
vn -0.9276 0.3641 -0.0832
vn -0.6955 0.3858 -0.6061
vn -0.6724 -0.3252 -0.6650
vn -0.4666 -0.8812 0.0760
vn -0.8469 0.3652 -0.3865
vn -0.9260 0.3776 0.0038
vn -0.8659 0.4739 0.1603
vn 0.4726 0.6360 -0.6100
vn -0.9241 -0.1599 -0.3471
vn -0.9418 -0.1171 -0.3150
vn -0.4469 -0.8615 -0.2409
vn -0.9483 0.2707 -0.1655
vn 0.3923 -0.0948 -0.9149
vn -0.7027 -0.1602 -0.6933
vn -0.6245 0.3376 -0.7043
vn -0.6120 0.2342 -0.7554
vn -0.9439 -0.1539 -0.2922
vn 0.2911 0.7435 -0.6020
vn -0.6563 -0.6753 -0.3365
vn -0.9866 0.1206 0.1100
vn 0.1639 0.2449 -0.9556
vn -0.9440 0.3197 0.0817
vn -0.9882 -0.0719 0.1354
vn -0.9832 0.1536 0.0987
vn -0.9580 0.2549 0.1313
vn -0.0003 0.6669 -0.7452
vn 0.0967 0.5389 -0.8368
vn -0.0853 0.2334 -0.9686
vn 0.1490 -0.7235 -0.6740
vn -0.9219 0.3212 0.2164
vn -0.6849 0.7100 -0.1638
vn -0.9924 -0.1147 -0.0454
vn -0.4891 -0.5423 -0.6832
vn 0.3033 0.4846 -0.8205
vn -0.9081 -0.2598 -0.3285
vn -0.9073 -0.2798 -0.3138
vn 0.3914 0.4497 -0.8028
vn -0.7539 0.6118 -0.2394
vn -0.5075 -0.3693 -0.7784
vn -0.9576 -0.2755 -0.0841
vn -0.1043 0.7785 -0.6189
vn 0.3587 0.4299 -0.8286
vn -0.8888 -0.0856 -0.4502
vn -0.6518 -0.3075 -0.6932
vn -0.7067 -0.3057 -0.6380
vn -0.8465 -0.2755 -0.4555
vn -0.8630 -0.3156 -0.3945
vn -0.3441 0.0206 -0.9387
vn -0.9603 0.0096 -0.2788
vn -0.8650 -0.3006 -0.4017
vn -0.8470 -0.3123 -0.4301
vn 0.0142 0.5067 -0.8620
vn 0.8289 0.1091 -0.5487
vn 0.0393 0.5164 -0.8554
vn -0.5899 -0.7017 -0.3994
vn -0.8921 0.4158 0.1766
vn -0.6802 0.4719 -0.5609
vn -0.7798 0.2632 -0.5680
vn 0.5440 0.1051 -0.8325
vn -0.6099 -0.7061 -0.3599
vn -0.1232 0.0171 -0.9922
vn -0.9733 0.1749 -0.1487
vn -0.4509 -0.6557 -0.6057
vn -0.7839 -0.3630 -0.5037
vn 0.1342 0.5684 -0.8117
vn -0.7641 -0.6342 -0.1183
vn -0.8976 -0.3551 -0.2612
vn -0.9296 0.3083 -0.2020
vn 0.1912 0.6870 -0.7011
vn -0.6648 -0.5799 -0.4709
vn -0.6835 -0.6838 -0.2554
vn -0.8345 -0.5501 0.0329
vn -0.7506 -0.6431 -0.1518
vn -0.9747 0.1915 -0.1149
vn -0.9511 -0.0206 -0.3083
vn -0.7195 -0.2217 -0.6582
vn -0.1712 0.5425 -0.8224
vn 0.4598 0.7748 -0.4339
vn -0.6935 -0.6624 -0.2833
vn -0.8230 -0.4876 -0.2913
vn -0.8495 -0.5274 -0.0157
vn -0.8459 0.3572 -0.3960
vn -0.1141 0.6249 -0.7723
vn -0.9818 0.0718 -0.1758
vn -0.7322 -0.2825 -0.6197
vn -0.8635 -0.2954 -0.4087
vn -0.9102 -0.2765 -0.3085
vn -0.8094 -0.4299 -0.3999
vn -0.8626 -0.1258 -0.4900
vn -0.8390 -0.0375 -0.5428
vn -0.9637 -0.1778 -0.1992
vn 0.1786 0.4920 -0.8521
vn -0.9298 -0.2314 -0.2861
vn -0.8645 -0.3945 -0.3116
vn -0.8680 -0.4411 -0.2279
vn -0.9428 -0.3271 -0.0637
vn -0.8688 -0.4951 -0.0125
vn -0.7560 -0.5759 0.3110
vn 0.4642 0.5450 -0.6982
vn -0.7051 -0.6122 -0.3579
vn -0.7253 0.6789 -0.1146
vn -0.9385 -0.1589 -0.3064
vn -0.9248 -0.1466 -0.3510
vn -0.6002 -0.3641 -0.7122
vn -0.7514 -0.3329 -0.5697
vn -0.9239 -0.3408 0.1740
vn -0.8653 -0.4379 0.2440
vn -0.9823 0.0449 -0.1820
vn -0.8678 -0.4045 -0.2887
vn 0.3296 0.3182 -0.8889
vn -0.8080 -0.1322 -0.5741
vn 0.2890 0.2567 -0.9223
vn -0.0638 0.6359 -0.7691
vn -0.8359 -0.3975 -0.3785
vn -0.5971 0.0983 -0.7961
vn -0.6985 -0.0292 -0.7150
vn -0.8468 0.1004 -0.5223
vn -0.9313 0.0191 -0.3636
vn 0.0611 0.4865 -0.8715
vn -0.8601 -0.1972 -0.4704
vn -0.8592 -0.3746 -0.3485
vn -0.9438 -0.3304 0.0106
vn -0.9944 -0.0531 0.0916
vn -0.8785 -0.3230 0.3519
vn -0.7139 -0.2760 -0.6436
vn -0.7936 -0.2990 -0.5299
vn -0.9129 -0.3725 -0.1671
vn -0.9279 -0.1504 -0.3412
vn -0.7053 -0.4254 -0.5671
vn -0.6455 0.2708 -0.7142
vn -0.9829 0.1669 -0.0774
vn -0.9561 0.2841 -0.0725
vn -0.2040 0.6708 -0.7130
vn -0.8537 0.3367 -0.3972
vn -0.8909 0.1492 -0.4290
vn -0.9128 -0.1405 -0.3834
vn -0.0917 0.3773 -0.9215
vn -0.8194 -0.0324 -0.5723
vn -0.7961 0.0593 -0.6022
vn -0.7009 0.5388 -0.4674
vn -0.3808 -0.5889 0.7129
vn -0.9287 -0.3637 -0.0724
vn -0.9157 -0.3981 0.0542
vn -0.8403 -0.5336 0.0964
vn -0.8943 -0.3721 0.2485
vn -0.7806 -0.6016 -0.1694
vn -0.7752 -0.0069 -0.6317
vn -0.8980 -0.0464 -0.4375
vn -0.9536 -0.1283 -0.2724
vn -0.9884 0.0605 0.1392
vn -0.9944 -0.0664 -0.0820
vn -0.7776 0.2927 -0.5564
vn -0.7801 0.4477 -0.4370
vn -0.7432 -0.0835 -0.6639
vn -0.7525 -0.1499 -0.6413
vn -0.7833 -0.1171 -0.6105
vn -0.9890 -0.1289 -0.0725
vn -0.9008 -0.0252 -0.4335
vn -0.9785 0.0957 -0.1830
vn -0.7358 0.4696 -0.4879
vn -0.7510 0.1886 -0.6328
vn -0.7222 -0.4690 -0.5084
vn -0.9479 0.0191 -0.3181
vn -0.9866 0.0255 -0.1610
vn -0.9911 -0.0930 0.0957
vn -0.7944 0.2282 -0.5629
vn -0.5869 -0.7418 -0.3245
vn -0.6421 -0.6562 -0.3964
vn -0.0594 0.7142 -0.6975
vn -0.9656 0.0181 -0.2593
vn -0.9331 0.0642 -0.3539
vn -0.6025 0.0571 -0.7961
vn -0.8008 0.0740 -0.5944
vn 0.0044 0.7201 -0.6938
vn -0.0339 0.6127 -0.7896
vn 0.0932 0.6165 -0.7818
vn -0.0994 0.2659 -0.9588
vn 0.2783 0.1244 -0.9524
vn 0.1202 0.5151 -0.8487
vn 0.3546 0.6839 -0.6376
vn 0.4960 0.3617 -0.7894
vn 0.6101 0.1190 -0.7833
vn 0.5555 0.3229 -0.7663
vn 0.0387 0.2747 -0.9608
vn 0.5484 -0.0231 -0.8359
vn -0.3689 0.8964 -0.2455
vn 0.1082 0.6119 -0.7835
vn 0.5384 0.4783 -0.6938
vn 0.1192 0.8386 -0.5315
vn 0.1041 0.5266 -0.8437
vn -0.0924 0.9034 -0.4187
vn -0.3220 0.5603 -0.7631
vn 0.2809 0.5925 -0.7550
vn 0.2869 0.5087 -0.8117
vn -0.2885 0.7376 -0.6105
vn -0.5577 0.6280 -0.5427
vn -0.0902 0.5403 -0.8366
vn -0.8405 0.4089 -0.3556
vn 0.2552 0.4520 -0.8547
vn 0.0933 0.7260 -0.6813
vn -0.1340 0.5204 -0.8433
vn -0.0387 0.6357 -0.7710
vn 0.0392 0.9254 -0.3770
vn 0.0574 0.1387 -0.9887
vn 0.0773 0.7096 -0.7003
vn 0.0530 0.4360 -0.8984
vn 0.0472 0.4828 -0.8744
vn -0.0075 0.9308 -0.3655
vn -0.2132 0.3817 -0.8994
vn 0.7992 0.5461 -0.2511
vn 0.2269 -0.5908 -0.7742
vn 0.1077 0.2190 -0.9698
vn -0.7066 0.4524 -0.5442
vn 0.3855 0.3823 -0.8398
vn 0.3140 0.7945 -0.5198
vn -0.0682 0.2939 -0.9534
vn -0.1180 0.6888 -0.7152
vn -0.3691 0.2586 -0.8927
vn 0.0018 0.8709 -0.4915
vn 0.0084 0.6341 -0.7732
vn -0.1196 0.3014 -0.9460
vn -0.2981 0.6147 -0.7302
vn -0.0504 0.7235 -0.6885
vn 0.5814 0.5815 -0.5691
vn 0.0985 -0.2186 -0.9708
vn -0.5603 -0.0938 -0.8230
vn 0.2726 0.4710 -0.8390
vn 0.5571 0.5797 -0.5947
vn 0.7687 0.2604 -0.5842
vn 0.3981 0.7922 -0.4626
vn -0.1144 0.7142 -0.6905
vn 0.4927 0.4124 -0.7663
vn 0.1866 0.8045 -0.5639
vn -0.5113 0.5552 -0.6560
vn -0.0892 0.6605 -0.7456
vn -0.0287 0.5988 -0.8004
vn 0.9185 0.3867 -0.0821
vn 0.3708 0.5212 -0.7687
vn -0.0066 0.4650 -0.8853
vn 0.7798 0.1597 -0.6053
vn -0.3472 0.2169 -0.9124
vn 0.1807 0.4075 -0.8952
vn 0.6918 -0.0145 -0.7219
vn 0.1244 0.3348 -0.9340
vn 0.2920 0.8103 -0.5080
vn 0.5286 0.6174 -0.5825
vn -0.3642 -0.5834 -0.7260
vn 0.3277 0.3136 -0.8912
vn -0.0547 0.3855 -0.9211
vn 0.6070 0.3370 -0.7197
vn 0.1431 0.4189 -0.8967
vn 0.4061 0.2857 -0.8680
vn 0.5637 0.3242 -0.7597
vn 0.1264 0.5608 -0.8182
vn -0.5676 0.7718 -0.2867
vn 0.6897 0.1904 -0.6986
vn 0.1627 0.7165 -0.6784
vn 0.1818 0.8957 -0.4059
vn 0.5383 0.7022 -0.4659
vn -0.5241 0.5273 -0.6688
vn -0.0865 0.5609 -0.8233
vn 0.5906 0.3212 -0.7403
vn 0.2391 0.6586 -0.7135
vn 0.3250 0.4082 -0.8531
vn -0.0479 0.6978 -0.7147
vn -0.2395 0.9015 -0.3605
vn 0.0006 0.3907 -0.9205
vn 0.1273 0.4030 -0.9063
vn -0.2125 0.7982 -0.5636
vn -0.4914 0.3001 -0.8176
vn -0.0886 0.6743 -0.7331
vn -0.3848 0.5900 -0.7098
vn 0.5960 0.0591 -0.8008
vn -0.3273 0.2320 -0.9160
vn 0.4830 0.2848 -0.8280
vn 0.7967 0.4117 -0.4425
vn 0.2961 0.6719 -0.6789
vn 0.1442 0.1921 -0.9707
vn -0.1256 0.4412 -0.8886
vn 0.2249 0.6100 -0.7598
vn 0.4579 0.4969 -0.7372
vn -0.1488 0.6082 -0.7797
vn 0.7392 0.2949 -0.6055
vn 0.2579 0.4331 -0.8636
vn 0.1908 0.4481 -0.8734
vn 0.6407 0.1896 -0.7441
vn 0.4179 0.5029 -0.7566
vn -0.1144 0.7258 -0.6784
vn -0.4758 -0.6689 0.5712
vn 0.4768 0.2147 -0.8524
vn 0.6334 0.1683 -0.7553
vn 0.3997 0.7585 -0.5147
vn 0.1210 0.1692 -0.9781
vn 0.0059 0.8484 -0.5294
vn -0.2579 -0.5372 -0.8031
vn -0.3200 0.6674 -0.6725
vn 0.1350 0.5527 -0.8224
vn 0.3303 0.4311 -0.8397
vn 0.0495 0.4201 -0.9061
vn -0.3549 0.2443 -0.9024
vn 0.3065 0.6788 -0.6673
vn -0.2128 0.6995 -0.6822
vn -0.2276 0.7644 -0.6032
vn 0.0160 0.6815 -0.7317
vn 0.0803 0.8917 -0.4454
vn 0.6717 0.2917 -0.6809
vn 0.7034 0.5842 -0.4049
vn -0.0454 0.7293 -0.6827
vn 0.0152 0.7168 -0.6971
vn -0.2504 0.6230 -0.7410
vn -0.6690 0.2341 -0.7055
vn 0.5753 0.2918 -0.7641
vn 0.6861 0.3669 -0.6282
vn 0.2008 0.8351 -0.5122
vn -0.1777 0.9300 -0.3218
vn 0.0933 0.9459 -0.3107
vn 0.6008 0.4759 -0.6423
vn -0.0774 0.9215 -0.3806
vn 0.0444 0.4861 -0.8728
vn -0.0197 0.7902 -0.6126
vn -0.3956 0.7795 -0.4857
vn 0.5411 0.6136 -0.5750
vn -0.0037 0.9097 -0.4153
vn 0.2891 0.2835 -0.9144
vn 0.1905 0.2741 -0.9427
vn 0.5079 0.2732 -0.8170
vn -0.0991 0.6783 -0.7280
vn -0.0953 0.6419 -0.7608
vn -0.0011 0.7996 -0.6006
vn 0.1761 0.7563 -0.6300
vn -0.2400 0.2390 -0.9409
vn 0.4747 0.3829 -0.7925
vn 0.3935 0.8798 -0.2666
vn -0.0829 0.9404 -0.3297
vn 0.1094 0.8585 -0.5010
vn 0.2664 0.8531 -0.4486
vn 0.1425 0.7342 -0.6638
vn 0.5588 0.5787 -0.5940
vn 0.6226 -0.0391 -0.7815
vn 0.6659 0.4416 -0.6013
vn 0.5561 0.4886 -0.6723
vn -0.0452 0.4381 -0.8978
vn 0.2363 0.8470 -0.4762
vn 0.1218 0.6826 -0.7205
vn 0.3438 0.8767 -0.3364
vn 0.5010 0.6918 -0.5201
vn -0.2198 0.8769 -0.4275
vn 0.0062 0.5166 -0.8562
vn -0.2727 0.3255 -0.9053
vn -0.3937 0.8548 -0.3382
vn 0.4407 0.6089 -0.6596
vn 0.1436 0.8011 -0.5811
vn 0.0853 0.8838 -0.4600
vn 0.1793 0.9332 -0.3114
vn -0.1206 0.8793 -0.4607
vn -0.2678 0.8494 -0.4548
vn -0.0213 0.8288 -0.5592
vn 0.1152 -0.7611 -0.6384
vn 0.1913 -0.5339 -0.8236
vn 0.1956 -0.5746 -0.7947
vn 0.3217 -0.6218 -0.7140
vn 0.1852 -0.4561 -0.8704
vn -0.1070 0.0014 -0.9943
vn -0.2567 0.1828 -0.9491
vn -0.3605 -0.1673 -0.9177
vn 0.3281 -0.3583 -0.8741
vn 0.1643 -0.0801 -0.9831
vn 0.1118 -0.4278 -0.8969
vn 0.1740 -0.1908 -0.9661
vn -0.6545 0.4504 -0.6073
vn -0.0423 0.4164 -0.9082
vn -0.0285 0.3511 -0.9359
vn -0.4697 0.1347 -0.8725
vn -0.2094 -0.4233 -0.8814
vn 0.1252 -0.1264 -0.9840
vn 0.2067 -0.0611 -0.9765
vn 0.2294 -0.8298 -0.5088
vn 0.1423 -0.0742 -0.9870
vn 0.2111 -0.0881 -0.9735
vn 0.2673 -0.1786 -0.9469
vn -0.5789 0.3678 -0.7277
vn -0.7451 0.3066 -0.5923
vn 0.3376 -0.7705 -0.5407
vn 0.2301 -0.6439 -0.7297
vn 0.1103 -0.1922 -0.9751
vn 0.2337 0.3381 -0.9116
vn -0.3349 0.3290 -0.8829
vn -0.3649 0.4202 -0.8308
vn 0.3354 -0.6655 -0.6668
vn 0.1238 -0.4542 -0.8823
vn 0.1111 -0.4674 -0.8770
vn 0.1166 -0.0448 -0.9922
vn -0.0048 0.4125 -0.9110
vn 0.0646 0.1400 -0.9880
vn -0.4377 0.1478 -0.8869
vn -0.5461 0.6930 -0.4708
vn -0.3775 0.1119 -0.9192
vn 0.1755 -0.5490 -0.8172
vn -0.6004 -0.4568 0.6564
vn 0.4757 -0.2365 -0.8472
vn 0.0967 -0.2479 -0.9640
vn 0.2127 -0.6340 -0.7435
vn 0.0306 -0.7121 -0.7014
vn 0.0008 -0.4043 -0.9146
vn 0.3343 -0.5092 -0.7930
vn 0.0960 -0.4257 -0.8998
vn 0.1215 -0.7136 -0.6900
vn 0.1173 -0.5146 -0.8494
vn -0.1324 0.5923 -0.7947
vn -0.0010 -0.6318 -0.7751
vn -0.3151 0.3475 -0.8831
vn 0.1224 -0.3158 -0.9409
vn 0.5741 -0.6379 -0.5133
vn 0.5213 -0.6059 -0.6010
vn 0.3079 -0.3527 -0.8836
vn 0.3158 -0.3860 -0.8668
vn 0.3356 -0.4846 -0.8078
vn 0.0061 -0.5130 -0.8584
vn -0.1113 -0.4432 -0.8895
vn -0.1829 -0.1345 -0.9739
vn 0.2774 -0.5545 -0.7846
vn 0.1184 -0.2188 -0.9686
vn -0.3635 0.0903 -0.9272
vn 0.2114 -0.1758 -0.9615
vn 0.0831 -0.4351 -0.8966
vn -0.1894 -0.4678 -0.8633
vn -0.3587 0.3685 -0.8577
vn -0.3131 -0.9410 0.1284
vn -0.4715 0.1673 -0.8658
vn -0.4731 0.1480 -0.8685
vn 0.0670 -0.0203 -0.9975
vn -0.5776 0.2696 -0.7705
vn 0.4252 -0.4955 -0.7574
vn 0.2037 -0.3497 -0.9145
vn -0.6629 -0.2064 -0.7197
vn -0.3201 0.8735 -0.3667
vn -0.5253 0.0019 -0.8509
vn -0.4436 0.0695 -0.8935
vn -0.6179 0.4223 -0.6632
vn 0.2601 -0.3156 -0.9125
vn -0.5019 -0.1010 -0.8590
vn 0.6812 -0.2114 -0.7009
vn 0.1864 -0.4564 -0.8700
vn -0.4629 -0.3666 -0.8071
vn -0.5818 0.3914 -0.7130
vn -0.1790 0.6261 -0.7589
vn -0.1485 0.1482 -0.9778
vn -0.3289 0.2212 -0.9181
vn 0.1920 -0.0315 -0.9809
vn 0.4609 -0.4319 -0.7753
vn 0.3450 -0.4210 -0.8389
vn -0.0425 -0.2142 -0.9759
vn 0.2133 -0.3032 -0.9287
vn 0.2061 -0.2026 -0.9573
vn 0.1541 -0.3067 -0.9392
vn 0.2007 -0.2354 -0.9509
vn -0.3438 -0.3933 -0.8527
vn 0.2989 0.1137 -0.9475
vn -0.0816 -0.1903 -0.9783
vn 0.9923 -0.1239 -0.0074
vn 0.4325 -0.2384 -0.8696
vn -0.0224 0.4835 -0.8750
vn 0.3850 -0.3272 -0.8630
vn 0.2567 -0.2097 -0.9435
vn 0.0329 -0.3800 -0.9244
vn -0.0295 0.1621 -0.9863
vn -0.3273 -0.0756 -0.9419
vn -0.3933 0.3426 -0.8532
vn -0.6305 -0.6203 -0.4667
vn -0.4267 -0.7164 -0.5520
vn 0.2928 -0.1837 -0.9384
vn 0.2374 -0.2196 -0.9463
vn 0.2220 -0.2669 -0.9378
vn 0.1657 -0.2817 -0.9451
vn -0.5845 -0.0793 -0.8075
vn -0.6240 -0.2439 -0.7424
vn -0.4372 0.2424 -0.8661
vn 0.0483 0.2560 -0.9655
vn 0.3138 0.0971 -0.9445
vn 0.6005 0.0294 -0.7991
vn 0.1601 -0.2816 -0.9461
vn -0.0376 -0.1379 -0.9897
vn 0.1151 -0.0279 -0.9930
vn 0.2381 -0.5421 0.8059
vn 0.3543 0.0985 -0.9299
vn -0.0084 0.4115 -0.9114
vn 0.3068 -0.0803 -0.9484
vn 0.2430 -0.0607 -0.9681
vn 0.1123 -0.2880 -0.9510
vn 0.1042 -0.3214 -0.9412
vn 0.0684 -0.2829 -0.9567
vn -0.2491 -0.2982 -0.9214
vn 0.1565 0.3518 -0.9229
vn -0.4386 -0.1729 -0.8819
vn -0.4216 -0.0031 -0.9068
vn 0.5215 -0.0186 -0.8530
vn 0.2710 -0.2484 -0.9300
vn 0.2950 -0.2291 -0.9276
vn -0.1683 -0.3750 -0.9116
vn -0.7764 -0.2415 -0.5822
vn -0.4732 -0.4352 -0.7660
vn -0.3085 -0.2757 -0.9104
vn 0.0478 -0.2816 -0.9583
vn -0.1079 -0.3136 -0.9434
vn 0.4335 0.1897 -0.8810
vn -0.4251 -0.2216 -0.8776
vn -0.7029 -0.7111 -0.0173
vn -0.0368 0.1956 -0.9800
vn -0.1548 0.2034 -0.9668
vn -0.2417 -0.3972 -0.8853
vn -0.1666 0.1961 -0.9663
vn 0.4215 -0.1146 -0.8996
vn 0.0025 0.2364 -0.9716
vn -0.4000 -0.2616 -0.8784
vn 0.2462 -0.1441 -0.9584
vn -0.0090 0.1406 -0.9900
vn -0.1077 0.2372 -0.9655
vn 0.6054 -0.0211 -0.7956
vn 0.3353 -0.4432 -0.8314
vn 0.2223 -0.0509 -0.9736
vn 0.1804 -0.1636 -0.9699
vn -0.4021 -0.3154 -0.8596
vn -0.1516 0.2999 -0.9418
vn -0.2889 0.2874 -0.9132
vn -0.3687 0.1802 -0.9119
vn -0.2457 0.2301 -0.9416
vn -0.5088 0.0718 -0.8579
vn 0.6070 -0.1284 -0.7842
vn 0.3064 -0.1736 -0.9359
vn 0.2039 -0.2055 -0.9572
vn -0.1418 -0.2542 -0.9567
vn 0.1451 0.0877 -0.9855
vn -0.5201 -0.0153 -0.8540
vn 0.0415 -0.3378 -0.9403
vn -0.5458 -0.5685 -0.6156
vn -0.2929 -0.8039 -0.5177
vn -0.4269 -0.0654 -0.9019
vn -0.1452 -0.5888 -0.7952
vn 0.2891 -0.0966 -0.9524
vn 0.2243 -0.1756 -0.9586
vn 0.2554 -0.1710 -0.9516
vn -0.4733 -0.4117 -0.7788
vn -0.4081 -0.5231 -0.7482
vn -0.3569 -0.7216 -0.5933
vn 0.1359 0.0856 -0.9870
vn -0.1950 -0.6061 0.7711
vn 0.4537 -0.1138 -0.8839
vn 0.3036 -0.0984 -0.9477
vn 0.2414 -0.1699 -0.9554
vn 0.2359 -0.0622 -0.9698
vn -0.4203 -0.3257 -0.8469
vn -0.3313 -0.3795 -0.8639
vn -0.2821 -0.5471 -0.7881
vn -0.1916 -0.7619 -0.6187
vn 0.2937 0.3454 -0.8913
vn -0.5080 0.2038 -0.8369
vn 0.3206 0.1934 -0.9272
vn 0.4070 0.0171 -0.9133
vn 0.2676 -0.2582 -0.9283
vn 0.2114 -0.2357 -0.9486
vn 0.2042 -0.1853 -0.9612
vn -0.1600 0.0679 -0.9848
vn -0.0278 -0.4053 -0.9138
vn -0.0247 0.3528 -0.9354
vn -0.6742 -0.7155 0.1832
vn 0.2656 -0.1401 -0.9538
vn -0.0727 -0.1776 -0.9814
vn -0.3458 -0.1952 -0.9178
vn -0.6039 -0.3008 -0.7381
vn -0.0112 -0.0833 -0.9965
vn -0.6309 -0.3544 -0.6902
vn 0.0017 -0.3769 -0.9263
vn 0.0471 -0.5733 -0.8180
vn -0.4881 -0.6912 -0.5330
vn 0.5456 0.2514 -0.7995
vn -0.3051 0.0169 -0.9522
vn -0.4868 -0.7998 0.3512
vn 0.4725 -0.1431 -0.8696
vn 0.4452 -0.6078 -0.6575
vn -0.1793 -0.2841 -0.9419
vn -0.2614 -0.3635 -0.8942
vn -0.1892 -0.4166 -0.8892
vn -0.1312 -0.6818 -0.7197
vn -0.5097 -0.7013 -0.4985
vn 0.5677 0.0114 -0.8232
vn 0.3924 0.0934 -0.9151
vn 0.2339 -0.1080 -0.9662
vn 0.2282 -0.1553 -0.9611
vn 0.1885 -0.1444 -0.9714
vn -0.0869 -0.0404 -0.9954
vn -0.8929 -0.2546 -0.3715
vn -0.1137 -0.3286 -0.9376
vn -0.3196 -0.6012 -0.7324
vn -0.3636 -0.7030 -0.6112
vn 0.0281 -0.7039 -0.7097
vn 0.4781 0.0351 -0.8776
vn 0.4162 0.0312 -0.9087
vn 0.4544 -0.0005 -0.8908
vn 0.1235 -0.0384 -0.9916
vn 0.0938 -0.0388 -0.9948
vn 0.1045 -0.5437 -0.8327
vn -0.0931 -0.4927 -0.8652
vn -0.4791 -0.6655 -0.5723
vn -0.3849 -0.2780 -0.8801
vn -0.0207 0.3236 -0.9460
vn 0.4619 0.0736 -0.8839
vn 0.2067 -0.1008 -0.9732
vn -0.5658 -0.1474 -0.8113
vn -0.1880 -0.4952 -0.8482
vn -0.3442 -0.4149 -0.8423
vn -0.5163 -0.4891 -0.7030
vn -0.6023 -0.5247 -0.6017
vn -0.3578 -0.0734 -0.9309
vn 0.6814 -0.0155 -0.7318
vn 0.4356 0.0536 -0.8985
vn 0.1238 -0.0808 -0.9890
vn -0.3233 -0.0661 -0.9440
vn -0.0397 -0.3087 -0.9503
vn -0.0504 -0.3413 -0.9386
vn 0.0767 -0.4916 -0.8675
vn -0.0990 0.0616 -0.9932
vn 0.6010 0.0870 -0.7945
vn 0.3611 0.0767 -0.9294
vn 0.2559 0.0298 -0.9662
vn -0.0444 -0.1043 -0.9936
vn -0.0781 0.1181 -0.9899
vn -0.5861 0.1694 -0.7923
vn -0.2928 -0.2397 -0.9256
vn -0.6096 -0.3427 -0.7148
vn 0.0685 -0.4270 -0.9017
vn -0.0372 -0.4321 -0.9011
vn 0.5137 0.0946 -0.8528
vn 0.4174 0.0690 -0.9061
vn 0.3597 0.1399 -0.9225
vn 0.2967 -0.0445 -0.9539
vn 0.4154 0.0347 -0.9090
vn 0.2272 0.0406 -0.9730
vn -0.1399 0.4121 -0.9004
vn -0.2389 -0.3405 -0.9094
vn -0.2401 -0.2516 -0.9376
vn 0.0196 0.2210 -0.9751
vn 0.1228 0.0097 -0.9924
vn -0.2887 0.0986 -0.9523
vn -0.5675 0.0160 -0.8232
vn -0.7827 -0.2607 -0.5651
vn 0.0279 -0.3014 -0.9531
vn 0.0617 -0.2799 -0.9581
vn -0.1319 -0.2058 -0.9697
vn -0.7112 -0.6823 0.1691
vn 0.1628 -0.9199 0.3568
vn -0.4940 0.1058 -0.8630
vn -0.3807 -0.8565 0.3485
vn 0.5615 0.0086 -0.8274
vn 0.4674 0.1654 -0.8684
vn -0.4161 0.2562 -0.8725
vn -0.2567 -0.1253 -0.9583
vn -0.4055 -0.2414 -0.8817
vn -0.6150 0.1689 -0.7702
vn 0.4073 0.1530 -0.9004
vn 0.3550 0.1036 -0.9291
vn 0.2487 0.2541 -0.9346
vn -0.5529 0.2228 -0.8029
vn -0.5129 -0.2432 -0.8233
vn -0.2898 -0.2693 -0.9184
vn -0.2799 -0.0423 -0.9591
vn -0.2857 0.0032 -0.9583
vn -0.1038 -0.0368 -0.9939
vn 0.0484 0.3365 -0.9404
vn -0.4921 -0.1516 -0.8573
vn 0.0333 0.2871 -0.9573
vn -0.3358 0.4984 -0.7993
vn -0.0233 -0.0744 -0.9970
vn -0.3666 -0.0050 -0.9304
vn -0.4630 0.3554 -0.8120
vn 0.5310 0.0998 -0.8415
vn -0.2336 0.5283 -0.8163
vn 0.1542 0.3479 -0.9248
vn -0.7081 -0.1431 -0.6914
vn -0.1244 0.4704 -0.8737
vn -0.2193 0.2882 -0.9321
vn -0.5203 0.4939 -0.6967
vn -0.0282 -0.0329 -0.9991
vn -0.1752 -0.3237 -0.9298
vn -0.0763 -0.9049 -0.4186
vn 0.0569 -0.9828 -0.1757
vn 0.0890 -0.9603 -0.2646
vn 0.0233 -0.9628 -0.2691
vn 0.1116 -0.9367 -0.3320
vn 0.3663 -0.8662 -0.3399
vn -0.5734 -0.5656 -0.5927
vn -0.0348 -0.9991 -0.0251
vn 0.0168 -0.9998 -0.0071
vn -0.3807 -0.9087 -0.1715
vn 0.0029 -0.9951 0.0991
vn -0.0062 -0.9904 0.1380
vn 0.0040 -0.9944 0.1055
vn -0.0980 -0.8897 0.4459
vn 0.0204 -0.8883 0.4588
vn -0.0698 -0.8572 0.5102
vn -0.0545 -0.9936 0.0989
vn -0.1157 -0.6047 0.7880
vn -0.1234 -0.6234 0.7721
vn -0.2320 -0.6271 0.7436
vn 0.1226 -0.9684 0.2174
vn -0.0242 -0.6633 0.7480
vn -0.4055 -0.8140 0.4160
vn -0.7632 -0.6255 0.1620
vn 0.1478 -0.9874 -0.0567
vn 0.5421 -0.7382 0.4016
vn -0.1194 -0.8314 0.5427
vn -0.0201 -0.9997 -0.0165
vn 0.3108 -0.9435 0.1147
vn 0.1894 -0.7340 0.6522
vn -0.0719 -0.8135 0.5771
vn -0.0764 -0.8157 0.5733
vn -0.2801 -0.7916 0.5431
vn 0.0685 -0.9976 -0.0137
vn -0.7138 -0.5221 -0.4668
vn -0.0509 -0.9963 -0.0699
vn 0.3700 -0.7995 0.4732
vn 0.0583 -0.8894 0.4533
vn -0.0060 -0.9896 0.1436
vn -0.4412 -0.8885 0.1265
vn -0.3703 -0.8992 -0.2333
vn -0.0360 -0.9991 -0.0203
vn 0.6736 -0.7058 -0.2193
vn 0.0050 -0.9949 0.1008
vn -0.0568 -0.9924 0.1090
vn -0.2396 -0.9708 -0.0060
vn -0.6630 -0.7037 -0.2554
vn 0.3452 -0.9274 -0.1444
vn 0.0386 -0.9992 0.0096
vn 0.0927 -0.9892 0.1138
vn -0.2458 -0.7570 -0.6054
vn 0.0151 -0.9998 -0.0107
vn -0.4716 -0.8313 -0.2942
vn 0.0399 -0.9770 0.2096
vn 0.2158 -0.9355 -0.2798
vn -0.0279 -0.9972 -0.0691
vn 0.0229 -0.9995 -0.0230
vn -0.0513 -0.9512 0.3044
vn -0.1652 -0.9716 0.1692
vn 0.7782 -0.6101 0.1486
vn 0.0288 -0.9993 -0.0240
vn -0.5496 -0.7701 -0.3238
vn 0.0725 -0.7344 0.6748
vn -0.0139 -0.6437 0.7651
vn 0.1340 -0.9781 -0.1595
vn 0.2608 -0.9515 -0.1630
vn -0.2883 -0.6822 -0.6720
vn -0.0266 -0.9984 -0.0505
vn 0.3894 -0.9049 0.1720
vn 0.0311 -0.9993 -0.0223
vn -0.0848 -0.9950 -0.0521
vn 0.1946 -0.8552 0.4804
vn 0.1834 -0.9828 -0.0214
vn 0.0099 -0.9999 -0.0023
vn 0.1332 -0.9905 -0.0333
vn 0.0020 -0.9993 -0.0378
vn 0.3898 -0.9208 -0.0113
vn -0.4031 -0.8699 0.2842
vn 0.3492 -0.9364 -0.0338
vn -0.4307 -0.6992 -0.5707
vn -0.6790 -0.6848 -0.2646
vn -0.1777 -0.9838 0.0225
vn 0.0347 -0.9990 -0.0294
vn -0.1414 -0.9879 0.0638
vn 0.1732 -0.9785 0.1121
vn -0.4230 -0.8037 0.4186
vn 0.0278 -0.9995 -0.0178
vn 0.0709 -0.9973 -0.0201
vn 0.0485 -0.9986 -0.0204
vn 0.0200 -0.9996 -0.0216
vn -0.1229 -0.9914 -0.0449
vn 0.4571 -0.8869 -0.0670
vn -0.0035 -1.0000 -0.0062
vn -0.0014 -0.9995 0.0324
vn 0.0172 -0.9996 -0.0225
vn -0.2416 -0.9565 -0.1633
vn -0.5744 -0.8086 -0.1272
vn -0.5770 -0.8158 0.0385
vn -0.4771 -0.8782 -0.0327
vn -0.7525 -0.5742 -0.3225
vn -0.1855 -0.9822 -0.0280
vn -0.0357 -0.9993 0.0147
vn -0.0454 -0.9972 0.0593
vn -0.3467 -0.9380 0.0051
vn 0.2940 -0.9412 0.1663
vn 0.3744 -0.9187 0.1256
vn -0.0169 -0.9295 0.3684
vn -0.1868 -0.9228 0.3370
vn 0.0066 -1.0000 0.0047
vn -0.1911 -0.9097 -0.3686
vn 0.4603 -0.8802 0.1156
vn -0.9820 -0.0403 -0.1847
vn -0.6600 -0.7513 0.0061
vn 0.0246 -0.9993 -0.0289
vn 0.0171 -0.9998 -0.0126
vn 0.2347 -0.9717 -0.0265
vn 0.3352 -0.9148 0.2252
vn 0.4046 -0.8743 0.2681
vn 0.1667 -0.9803 0.1059
vn 0.1404 -0.7278 0.6713
vn -0.6675 -0.7027 0.2462
vn -0.4341 -0.8941 0.1103
vn -0.2976 -0.9323 0.2057
vn -0.0252 -0.9993 0.0278
vn 0.0504 -0.9978 0.0426
vn 0.0418 -0.9991 0.0085
vn 0.2654 -0.9283 0.2603
vn -0.4027 -0.7106 0.5770
vn 0.0675 -0.9968 0.0438
vn 0.2271 -0.9688 0.0991
vn 0.5622 -0.7577 0.3314
vn 0.2779 -0.8937 0.3521
vn 0.5317 -0.7936 0.2959
vn -0.2323 -0.7500 0.6193
vn -0.1346 -0.9873 0.0848
vn -0.2609 -0.9555 0.1379
vn 0.3859 -0.9136 0.1283
vn -0.5254 -0.7309 0.4356
vn 0.4732 -0.7485 0.4646
vn 0.3139 -0.7971 0.5158
vn -0.0417 -0.9987 0.0292
vn 0.0611 -0.9978 -0.0261
vn -0.8921 -0.4518 0.0074
vn 0.7167 -0.6648 0.2108
vn 0.8591 -0.5079 -0.0633
vn -0.3654 -0.9037 0.2229
vn 0.2400 -0.7656 0.5969
vn -0.4244 -0.8628 0.2746
vn -0.1425 -0.9827 0.1187
vn -0.4876 -0.7016 0.5196
vn -0.3351 -0.8401 0.4265
vn -0.1544 -0.9686 0.1947
vn 0.3520 -0.8333 0.4264
vn -0.0038 -0.9974 0.0714
vn -0.2546 -0.9150 0.3131
vn -0.6015 -0.6806 0.4183
vn -0.2075 -0.9782 -0.0017
vn 0.5720 -0.7967 0.1950
vn 0.3832 -0.7640 0.5190
vn -0.4728 -0.8811 -0.0072
vn 0.0301 -0.9994 0.0167
vn -0.6348 -0.7710 0.0497
vn 0.4188 -0.6891 0.5914
vn -0.3004 -0.6512 0.6969
vn 0.0516 -0.8276 0.5589
vn -0.4570 -0.5960 0.6603
vn -0.2343 -0.9650 0.1177
vn -0.6462 -0.6298 -0.4310
vn 0.0242 -0.9979 0.0604
vn -0.2881 -0.9534 0.0898
vn -0.6510 -0.7375 -0.1796
vn -0.4588 -0.7494 0.4773
vn -0.1302 -0.9341 0.3325
vn -0.4296 -0.6992 0.5715
vn -0.0169 -0.9990 0.0421
vn -0.5327 -0.2013 -0.8220
vn -0.2326 -0.9696 -0.0766
vn 0.0320 -0.9992 0.0221
vn -0.3637 -0.9038 0.2256
vn 0.1056 -0.9918 0.0721
vn 0.3929 -0.9074 0.1492
vn -0.3178 -0.7920 0.5212
vn 0.1943 -0.6303 0.7517
vn -0.7943 -0.5888 0.1498
vn -0.0896 -0.6427 0.7609
vn -0.6385 -0.7550 -0.1494
vn -0.1644 -0.5279 0.8333
vn -0.3037 -0.8607 -0.4086
vn -0.5712 -0.7955 -0.2024
vn -0.0296 -0.9990 0.0349
vn -0.8205 -0.5290 -0.2165
vn -0.1715 -0.9825 -0.0722
vn -0.6882 -0.5598 0.4615
vn -0.3442 -0.5112 0.7875
vn -0.3198 -0.9067 -0.2750
vn -0.1596 -0.9867 0.0320
vn 0.5971 -0.7077 0.3776
vn -0.4657 -0.7831 -0.4121
vn -0.3410 -0.9193 -0.1964
vn -0.8441 -0.5361 -0.0101
vn -0.6136 -0.6137 0.4968
vn -0.0805 -0.9966 0.0179
vn -0.0191 -0.9958 0.0896
vn 0.0164 -0.9981 0.0600
vn 0.3236 -0.8757 0.3583
vn 0.4097 -0.8485 0.3350
vn -0.2993 -0.9350 -0.1902
vn -0.5145 -0.8197 -0.2518
vn -0.8144 -0.5638 0.1374
vn -0.7558 -0.6332 0.1667
vn -0.6399 -0.7467 0.1817
vn 0.1825 -0.7890 0.5867
vn -0.0598 -0.5756 0.8156
vn -0.7524 -0.3598 0.5517
vn -0.3386 -0.9358 -0.0978
vn -0.7173 -0.6799 -0.1525
vn -0.0057 -0.9995 0.0298
vn 0.0159 -0.9996 0.0237
vn 0.2131 -0.9769 -0.0186
vn 0.4441 -0.8825 0.1548
vn 0.0231 -0.9972 0.0704
vn 0.1373 -0.9402 0.3118
vn -0.2150 -0.6399 0.7378
vn -0.2868 -0.5430 0.7892
vn -0.5839 -0.7339 0.3472
vn -0.7171 -0.5552 0.4214
vn -0.3827 -0.9213 0.0686
vn -0.0159 -0.9993 0.0343
vn 0.0567 -0.9984 0.0022
vn 0.2054 -0.5375 0.8178
vn -0.2364 -0.6291 0.7405
vn -0.6247 -0.7809 0.0034
vn -0.4477 -0.8922 -0.0600
vn -0.1216 -0.3799 0.9170
vn -0.0107 -0.9980 0.0630
vn 0.0190 -0.9961 0.0859
vn 0.0628 -0.9585 0.2780
vn -0.3176 -0.9481 0.0145
vn -0.2248 -0.9742 0.0181
vn 0.0314 -0.9970 0.0706
vn 0.0254 -0.9967 0.0770
vn 0.0138 -0.9998 0.0157
vn 0.1772 -0.5608 0.8087
vn -0.4837 -0.8705 -0.0911
vn -0.3836 -0.9130 -0.1393
vn -0.6952 -0.6851 -0.2174
vn -0.5829 -0.8069 -0.0955
vn -0.2725 -0.9435 0.1887
vn 0.0186 -0.9974 0.0701
vn 0.0392 -0.9835 0.1764
vn -0.0215 -0.9983 0.0544
vn 0.2392 -0.4443 0.8633
vn -0.4907 -0.8602 0.1388
vn -0.2431 -0.8606 0.4475
vn -0.1905 -0.5713 0.7983
vn -0.2030 -0.5181 0.8309
vn -0.6627 -0.7452 0.0738
vn -0.4748 -0.8730 0.1117
vn -0.0839 -0.7970 0.5981
vn 0.0882 -0.9482 0.3052
vn -0.3459 -0.6695 0.6574
vn 0.3504 -0.9024 -0.2508
vn -0.5597 -0.7576 0.3358
vn -0.7037 -0.7095 -0.0389
vn -0.8559 -0.3241 0.4030
vn -0.6454 -0.3386 0.6847
vn 0.2603 -0.5075 0.8214
vn -0.3700 -0.3323 0.8676
vn -0.2969 -0.8642 0.4062
vn -0.3615 -0.9042 0.2275
vn -0.2674 -0.8931 0.3619
vn -0.4302 -0.8736 0.2276
vn 0.0183 -0.9914 0.1295
vn 0.0353 -0.9790 0.2008
vn 0.3193 -0.0508 0.9463
vn -0.0826 -0.8630 0.4983
vn -0.6980 -0.6866 -0.2032
vn -0.6879 -0.7258 0.0066
vn -0.7176 -0.6560 0.2339
vn -0.2619 -0.9263 0.2709
vn 0.0095 -0.9233 0.3840
vn 0.1130 -0.9076 0.4044
vn -0.2844 -0.9108 0.2992
vn -0.1564 -0.9462 0.2833
vn 0.0956 -0.8962 0.4332
vn 0.7951 -0.5599 -0.2332
vn 0.5277 -0.8144 -0.2413
vn 0.8704 -0.4489 -0.2023
vn 0.8456 -0.4874 -0.2177
vn 0.2483 -0.8410 -0.4807
vn 0.4535 -0.8598 -0.2346
vn 0.4345 -0.7974 -0.4188
vn 0.3918 -0.7755 -0.4951
vn 0.3255 -0.5040 -0.8000
vn -0.2308 -0.6071 -0.7604
vn 0.4906 0.1681 -0.8550
vn -0.3009 -0.5340 -0.7901
vn -0.1935 -0.2840 -0.9391
vn 0.1428 -0.7580 -0.6364
vn 0.2385 -0.8993 -0.3666
vn 0.6090 -0.7639 -0.2137
vn -0.0081 -0.5950 -0.8037
vn 0.2531 -0.8614 -0.4403
vn 0.0870 -0.8106 -0.5790
vn -0.1626 -0.2497 -0.9546
vn -0.5213 -0.8004 -0.2959
vn 0.7324 -0.6555 -0.1840
vn 0.8076 -0.2294 -0.5433
vn 0.6308 0.0594 -0.7737
vn 0.0638 -0.7184 -0.6927
vn 0.7290 -0.6331 -0.2603
vn 0.7374 -0.6077 -0.2949
vn 0.2827 -0.7879 -0.5470
vn 0.1758 -0.9540 -0.2428
vn 0.8355 -0.5188 -0.1810
vn 0.2785 -0.9194 -0.2778
vn -0.0019 -0.8076 -0.5897
vn -0.2659 -0.9432 -0.1992
vn -0.0973 -0.5994 -0.7945
vn 0.9312 -0.3267 -0.1618
vn 0.6926 -0.6624 -0.2857
vn 0.0220 -0.9396 -0.3416
vn 0.6252 -0.5061 -0.5942
vn -0.0771 -0.5309 -0.8439
vn 0.3170 -0.8976 -0.3065
vn 0.5618 0.2701 -0.7820
vn 0.0636 -0.9737 -0.2187
vn 0.8909 -0.1666 -0.4225
vn -0.2936 -0.6230 -0.7250
vn 0.0341 -0.9180 -0.3951
vn -0.3354 -0.9255 0.1758
s 1
f 1069//1069 1647//1647 1578//1578
f 1058//1058 909//909 939//939
f 421//421 1176//1176 238//238
f 1055//1055 1101//1101 1042//1042
f 238//238 1059//1059 1126//1126
f 1254//1254 30//30 1261//1261
f 1065//1065 1071//1071 1//1
f 1037//1037 1130//1130 1120//1120
f 1570//1570 2381//2381 1585//1585
f 2434//2434 2502//2502 2473//2473
f 1632//1632 1654//1654 1646//1646
f 1144//1144 1166//1166 669//669
f 1202//1202 1440//1440 305//305
f 1071//1071 1090//1090 1//1
f 1555//1555 1570//1570 1584//1584
f 1184//1184 1174//1174 404//404
f 65//65 432//432 12//12
f 1032//1032 1085//1085 574//574
f 1789//1789 2207//2207 2223//2223
f 1154//1154 1118//1118 1184//1184
f 1141//1141 1086//1086 1154//1154
f 99//99 1117//1117 342//342
f 404//404 1174//1174 419//419
f 489//489 2000//2000 1998//1998
f 1118//1118 1174//1174 1184//1184
f 1196//1196 403//403 136//136
f 1495//1495 717//717 1490//1490
f 1804//1804 402//402 1207//1207
f 2272//2272 1398//1398 891//891
f 1100//1100 1002//1002 804//804
f 1596//1596 1595//1595 2381//2381
f 208//208 420//420 1207//1207
f 402//402 208//208 1207//1207
f 1455//1455 1935//1935 1925//1925
f 1176//1176 1059//1059 238//238
f 1150//1150 1040//1040 348//348
f 1957//1957 1537//1537 2051//2051
f 1124//1124 1189//1189 939//939
f 1804//1804 1207//1207 1823//1823
f 1381//1381 1300//1300 1109//1109
f 383//383 384//384 1182//1182
f 1085//1085 1086//1086 1141//1141
f 1040//1040 1046//1046 132//132
f 220//220 1495//1495 1188//1188
f 420//420 261//261 1207//1207
f 261//261 420//420 1065//1065
f 1055//1055 1133//1133 1101//1101
f 1054//1054 421//421 403//403
f 182//182 1109//1109 2//2
f 1181//1181 1207//1207 320//320
f 545//545 1570//1570 1561//1561
f 35//35 342//342 432//432
f 1024//1024 574//574 1141//1141
f 432//432 342//342 12//12
f 1489//1489 1081//1081 1547//1547
f 1181//1181 320//320 1805//1805
f 1516//1516 1683//1683 1507//1507
f 357//357 1117//1117 1047//1047
f 1561//1561 1570//1570 1555//1555
f 1090//1090 1196//1196 1206//1206
f 1047//1047 1203//1203 1051//1051
f 1165//1165 202//202 1121//1121
f 1099//1099 341//341 301//301
f 1174//1174 240//240 419//419
f 922//922 921//921 833//833
f 1121//1121 1080//1080 385//385
f 815//815 21//21 1183//1183
f 35//35 99//99 342//342
f 1083//1083 398//398 262//262
f 106//106 94//94 1317//1317
f 94//94 292//292 1317//1317
f 292//292 95//95 1317//1317
f 940//940 1039//1039 1033//1033
f 1300//1300 1306//1306 433//433
f 21//21 212//212 471//471
f 1120//1120 1131//1131 1037//1037
f 833//833 921//921 688//688
f 1117//1117 357//357 342//342
f 106//106 271//271 94//94
f 386//386 227//227 1375//1375
f 1130//1130 1044//1044 1053//1053
f 419//419 240//240 219//219
f 1255//1255 1244//1244 32//32
f 1557//1557 1081//1081 1489//1489
f 2062//2062 2120//2120 2109//2109
f 2034//2034 2110//2110 430//430
f 23//23 315//315 1111//1111
f 291//291 94//94 271//271
f 291//291 292//292 94//94
f 50//50 386//386 95//95
f 964//964 734//734 665//665
f 1616//1616 1585//1585 1611//1611
f 445//445 1084//1084 402//402
f 574//574 1085//1085 1141//1141
f 1654//1654 341//341 1653//1653
f 220//220 1188//1188 1640//1640
f 342//342 69//69 12//12
f 417//417 261//261 328//328
f 292//292 50//50 95//95
f 204//204 227//227 386//386
f 50//50 204//204 386//386
f 1276//1276 1471//1471 1311//1311
f 1206//1206 1196//1196 136//136
f 1033//1033 1055//1055 1042//1042
f 1037//1037 1044//1044 1130//1130
f 1180//1180 320//320 417//417
f 1121//1121 202//202 1080//1080
f 325//325 203//203 271//271
f 291//291 76//76 292//292
f 292//292 237//237 50//50
f 2159//2159 1696//1696 1767//1767
f 583//583 929//929 850//850
f 1584//1584 1585//1585 1616//1616
f 1495//1495 1490//1490 1188//1188
f 1557//1557 1489//1489 1660//1660
f 1078//1078 1069//1069 1494//1494
f 1972//1972 1992//1992 1971//1971
f 183//183 1226//1226 2000//2000
f 325//325 429//429 203//203
f 292//292 76//76 237//237
f 1152//1152 227//227 1143//1143
f 1488//1488 1412//1412 1489//1489
f 1638//1638 1646//1646 1653//1653
f 1947//1947 1869//1869 2468//2468
f 203//203 306//306 291//291
f 306//306 76//76 291//291
f 237//237 248//248 50//50
f 204//204 1143//1143 227//227
f 2395//2395 14//14 429//429
f 1502//1502 881//881 2500//2500
f 1//1 1090//1090 202//202
f 1652//1652 1653//1653 1099//1099
f 2117//2117 1863//1863 2496//2496
f 50//50 248//248 204//204
f 160//160 792//792 994//994
f 884//884 888//888 857//857
f 544//544 2117//2117 2496//2496
f 1090//1090 1206//1206 202//202
f 2463//2463 879//879 2492//2492
f 429//429 306//306 203//203
f 498//498 188//188 418//418
f 865//865 884//884 857//857
f 994//994 998//998 1014//1014
f 884//884 897//897 888//888
f 1795//1795 948//948 1802//1802
f 208//208 1035//1035 1071//1071
f 1065//1065 1//1 1066//1066
f 377//377 435//435 1377//1377
f 304//304 429//429 14//14
f 304//304 306//306 429//429
f 73//73 60//60 74//74
f 248//248 592//592 204//204
f 846//846 2264//2264 829//829
f 897//897 912//912 906//906
f 1004//1004 991//991 992//992
f 1422//1422 1421//1421 1233//1233
f 980//980 10//10 303//303
f 1058//1058 922//922 909//909
f 2436//2436 2449//2449 2418//2418
f 394//394 435//435 377//377
f 435//435 475//475 446//446
f 475//475 474//474 446//446
f 336//336 337//337 361//361
f 338//338 235//235 372//372
f 624//624 148//148 129//129
f 812//812 306//306 596//596
f 1726//1726 992//992 1019//1019
f 945//945 1514//1514 1511//1511
f 1069//1069 1627//1627 1628//1628
f 1812//1812 1823//1823 1181//1181
f 1165//1165 1121//1121 169//169
f 447//447 475//475 435//435
f 2487//2487 2458//2458 901//901
f 42//42 59//59 46//46
f 401//401 7//7 187//187
f 1010//1010 970//970 797//797
f 1513//1513 220//220 1640//1640
f 2474//2474 2491//2491 2462//2462
f 594//594 307//307 1014//1014
f 398//398 1513//1513 1640//1640
f 307//307 594//594 1026//1026
f 545//545 2381//2381 1570//1570
f 403//403 421//421 238//238
f 445//445 402//402 127//127
f 1611//1611 1631//1631 1616//1616
f 1805//1805 1180//1180 1148//1148
f 394//394 447//447 435//435
f 2341//2341 2413//2413 2376//2376
f 75//75 74//74 60//60
f 541//541 47//47 42//42
f 47//47 59//59 42//42
f 541//541 42//42 28//28
f 917//917 931//931 1103//1103
f 897//897 906//906 883//883
f 2484//2484 2068//2068 779//779
f 888//888 883//883 857//857
f 261//261 1065//1065 328//328
f 363//363 1307//1307 349//349
f 377//377 363//363 394//394
f 444//444 747//747 464//464
f 323//323 338//338 362//362
f 92//92 116//116 74//74
f 592//592 634//634 97//97
f 982//982 1027//1027 1004//1004
f 1020//1020 982//982 1004//1004
f 1084//1084 1054//1054 1035//1035
f 208//208 402//402 1084//1084
f 421//421 1119//1119 1176//1176
f 1207//1207 1181//1181 1823//1823
f 1179//1179 1187//1187 1160//1160
f 263//263 296//296 1343//1343
f 1298//1298 296//296 1307//1307
f 1307//1307 296//296 349//349
f 405//405 363//363 349//349
f 405//405 394//394 363//363
f 405//405 447//447 394//394
f 362//362 372//372 384//384
f 338//338 372//372 362//362
f 983//983 1004//1004 987//987
f 122//122 134//134 139//139
f 415//415 440//440 414//414
f 75//75 92//92 74//74
f 226//226 186//186 246//246
f 796//796 787//787 700//700
f 1119//1119 1059//1059 1176//1176
f 122//122 114//114 91//91
f 624//624 129//129 116//116
f 641//641 558//558 631//631
f 1311//1311 1318//1318 1487//1487
f 100//100 1162//1162 1170//1170
f 1653//1653 341//341 1099//1099
f 1316//1316 1983//1983 273//273
f 263//263 277//277 296//296
f 296//296 358//358 349//349
f 436//436 447//447 405//405
f 109//109 554//554 570//570
f 504//504 1385//1385 2501//2501
f 115//115 122//122 91//91
f 2068//2068 2460//2460 779//779
f 43//43 777//777 163//163
f 378//378 405//405 349//349
f 358//358 378//378 349//349
f 448//448 447//447 436//436
f 448//448 476//476 447//447
f 78//78 77//77 108//108
f 75//75 60//60 47//47
f 1764//1764 2481//2481 1795//1795
f 717//717 714//714 1512//1512
f 1490//1490 717//717 1501//1501
f 238//238 1126//1126 168//168
f 1878//1878 1866//1866 826//826
f 2025//2025 2360//2360 2367//2367
f 251//251 278//278 263//263
f 278//278 277//277 263//263
f 277//277 318//318 296//296
f 296//296 318//318 358//358
f 318//318 350//350 358//358
f 378//378 436//436 405//405
f 384//384 372//372 1182//1182
f 454//454 440//440 415//415
f 987//987 1004//1004 992//992
f 493//493 476//476 448//448
f 323//323 788//788 338//338
f 403//403 238//238 136//136
f 1565//1565 1503//1503 1474//1474
f 297//297 277//277 278//278
f 297//297 318//318 277//277
f 358//358 350//350 378//378
f 378//378 388//388 436//436
f 476//476 493//493 500//500
f 73//73 105//105 60//60
f 323//323 337//337 312//312
f 953//953 1573//1573 2358//2358
f 142//142 161//161 119//119
f 454//454 443//443 440//440
f 1862//1862 1871//1871 1405//1405
f 297//297 319//319 318//318
f 560//560 47//47 541//541
f 170//170 1323//1323 111//111
f 357//357 1047//1047 1050//1050
f 1119//1119 98//98 1059//1059
f 1838//1838 1877//1877 1900//1900
f 2359//2359 230//230 251//251
f 350//350 364//364 378//378
f 449//449 448//448 436//436
f 449//449 493//493 448//448
f 185//185 186//186 226//226
f 443//443 469//469 479//479
f 874//874 165//165 2480//2480
f 463//463 444//444 464//464
f 64//64 105//105 91//91
f 1182//1182 440//440 1129//1129
f 1958//1958 1651//1651 2502//2502
f 1238//1238 2034//2034 191//191
f 251//251 279//279 278//278
f 278//278 279//279 297//297
f 364//364 388//388 378//378
f 483//483 493//493 449//449
f 134//134 148//148 139//139
f 244//244 268//268 259//259
f 910//910 942//942 930//930
f 105//105 115//115 91//91
f 24//24 30//30 18//18
f 1132//1132 487//487 1059//1059
f 1869//1869 1947//1947 2021//2021
f 2497//2497 2494//2494 2463//2463
f 2359//2359 2385//2385 230//230
f 230//230 280//280 251//251
f 251//251 280//280 279//279
f 279//279 308//308 297//297
f 297//297 308//308 319//319
f 319//319 364//364 318//318
f 364//364 350//350 318//318
f 388//388 395//395 436//436
f 436//436 395//395 449//449
f 493//493 472//472 500//500
f 122//122 129//129 134//134
f 125//125 142//142 124//124
f 373//373 400//400 393//393
f 24//24 557//557 30//30
f 2264//2264 2278//2278 2251//2251
f 1261//1261 30//30 1269//1269
f 1730//1730 1862//1862 1877//1877
f 252//252 280//280 230//230
f 343//343 364//364 319//319
f 364//364 343//343 388//388
f 63//63 64//64 91//91
f 399//399 393//393 416//416
f 416//416 444//444 463//463
f 162//162 189//189 142//142
f 768//768 373//373 326//326
f 189//189 661//661 177//177
f 189//189 199//199 661//661
f 847//847 887//887 864//864
f 533//533 747//747 444//444
f 1744//1744 1022//1022 1418//1418
f 1170//1170 524//524 729//729
f 121//121 1342//1342 128//128
f 1236//1236 1244//1244 26//26
f 280//280 281//281 279//279
f 281//281 308//308 279//279
f 343//343 319//319 308//308
f 343//343 365//365 388//388
f 388//388 365//365 395//395
f 365//365 406//406 395//395
f 406//406 449//449 395//395
f 483//483 477//477 493//493
f 477//477 491//491 472//472
f 493//493 477//477 472//472
f 78//78 109//109 77//77
f 166//166 174//174 196//196
f 481//481 150//150 814//814
f 63//63 59//59 64//64
f 326//326 373//373 393//393
f 643//643 260//260 43//43
f 230//230 253//253 252//252
f 449//449 441//441 483//483
f 441//441 477//477 483//483
f 415//415 416//416 463//463
f 226//226 246//246 245//245
f 464//464 470//470 454//454
f 323//323 362//362 337//337
f 52//52 37//37 1283//1283
f 253//253 281//281 252//252
f 281//281 280//280 252//252
f 309//309 308//308 281//281
f 330//330 343//343 308//308
f 366//366 365//365 343//343
f 441//441 449//449 406//406
f 464//464 814//814 15//15
f 883//883 906//906 887//887
f 337//337 362//362 371//371
f 479//479 498//498 290//290
f 247//247 746//746 1003//1003
f 25//25 37//37 557//557
f 640//640 930//930 669//669
f 2486//2486 2499//2499 2459//2459
f 309//309 330//330 308//308
f 343//343 330//330 366//366
f 441//441 437//437 477//477
f 290//290 498//498 418//418
f 124//124 119//119 108//108
f 77//77 124//124 108//108
f 589//589 125//125 109//109
f 570//570 589//589 109//109
f 125//125 162//162 142//142
f 1045//1045 433//433 1034//1034
f 1207//1207 261//261 320//320
f 2004//2004 2474//2474 2495//2495
f 1215//1215 1228//1228 2285//2285
f 365//365 396//396 406//406
f 396//396 422//422 406//406
f 422//422 437//437 441//441
f 406//406 422//422 441//441
f 59//59 47//47 60//60
f 51//51 78//78 66//66
f 361//361 371//371 383//383
f 196//196 215//215 214//214
f 463//463 454//454 415//415
f 27//27 41//41 535//535
f 53//53 1283//1283 37//37
f 84//84 1299//1299 1283//1283
f 1805//1805 320//320 1180//1180
f 254//254 253//253 222//222
f 254//254 281//281 253//253
f 309//309 366//366 330//330
f 396//396 365//365 366//366
f 456//456 477//477 437//437
f 484//484 491//491 477//477
f 2480//2480 2485//2485 2493//2493
f 418//418 188//188 187//187
f 53//53 85//85 1283//1283
f 85//85 84//84 1283//1283
f 420//420 1071//1071 1065//1065
f 264//264 281//281 254//254
f 298//298 309//309 281//281
f 368//368 366//366 367//367
f 368//368 396//396 366//366
f 1639//1639 1564//1564 1139//1139
f 560//560 48//48 47//47
f 82//82 471//471 212//212
f 25//25 38//38 37//37
f 202//202 1206//1206 1080//1080
f 264//264 298//298 281//281
f 298//298 331//331 309//309
f 309//309 331//331 366//366
f 331//331 367//367 366//366
f 396//396 368//368 422//422
f 422//422 456//456 437//437
f 491//491 1192//1192 313//313
f 1699//1699 2064//2064 1710//1710
f 462//462 443//443 479//479
f 371//371 362//362 384//384
f 2502//2502 2476//2476 2464//2464
f 371//371 384//384 383//383
f 21//21 732//732 212//212
f 1571//1571 1629//1629 1627//1627
f 38//38 39//39 53//53
f 37//37 38//38 53//53
f 39//39 85//85 53//53
f 1173//1173 1184//1184 404//404
f 1006//1006 2142//2142 1674//1674
f 201//201 255//255 254//254
f 255//255 264//264 254//254
f 368//368 407//407 422//422
f 450//450 456//456 422//422
f 450//450 484//484 456//456
f 456//456 484//484 477//477
f 314//314 1192//1192 491//491
f 2027//2027 2501//2501 2489//2489
f 2475//2475 2471//2471 2488//2488
f 551//551 492//492 732//732
f 464//464 481//481 814//814
f 1081//1081 1494//1494 1547//1547
f 201//201 231//231 255//255
f 407//407 450//450 422//422
f 484//484 494//494 491//491
f 494//494 327//327 491//491
f 327//327 314//314 491//491
f 876//876 797//797 995//995
f 847//847 856//856 829//829
f 125//125 143//143 162//162
f 134//134 129//129 148//148
f 1564//1564 1571//1571 1627//1627
f 417//417 320//320 261//261
f 328//328 1065//1065 1066//1066
f 170//170 156//156 201//201
f 156//156 231//231 201//201
f 231//231 282//282 255//255
f 282//282 264//264 255//255
f 450//450 485//485 484//484
f 484//484 485//485 494//494
f 2463//2463 2486//2486 2479//2479
f 159//159 185//185 167//167
f 492//492 68//68 212//212
f 732//732 492//492 212//212
f 68//68 82//82 212//212
f 1311//1311 1471//1471 1296//1296
f 101//101 156//156 111//111
f 332//332 264//264 282//282
f 332//332 298//298 264//264
f 332//332 331//331 298//298
f 331//331 332//332 367//367
f 407//407 423//423 450//450
f 450//450 423//423 485//485
f 804//804 1002//1002 1443//1443
f 2484//2484 779//779 946//946
f 689//689 443//443 462//462
f 440//440 689//689 1129//1129
f 166//166 167//167 174//174
f 38//38 31//31 39//39
f 112//112 145//145 101//101
f 101//101 145//145 156//156
f 156//156 256//256 231//231
f 332//332 423//423 368//368
f 367//367 332//332 368//368
f 368//368 423//423 407//407
f 946//946 779//779 920//920
f 1432//1432 1261//1261 1449//1449
f 461//461 478//478 453//453
f 464//464 15//15 470//470
f 31//31 54//54 39//39
f 39//39 54//54 85//85
f 86//86 101//101 85//85
f 145//145 210//210 156//156
f 282//282 283//283 332//332
f 283//283 369//369 332//332
f 369//369 423//423 332//332
f 423//423 408//408 485//485
f 854//854 876//876 965//965
f 78//78 108//108 66//66
f 440//440 443//443 689//689
f 374//374 2465//2465 961//961
f 929//929 519//519 979//979
f 54//54 86//86 85//85
f 156//156 241//241 256//256
f 256//256 282//282 231//231
f 256//256 283//283 282//282
f 389//389 423//423 369//369
f 389//389 408//408 423//423
f 408//408 457//457 485//485
f 457//457 49//49 485//485
f 485//485 49//49 494//494
f 494//494 135//135 327//327
f 175//175 83//83 314//314
f 1167//1167 1140//1140 1483//1483
f 196//196 174//174 215//215
f 697//697 16//16 68//68
f 1038//1038 82//82 16//16
f 140//140 117//117 141//141
f 1654//1654 1653//1653 1646//1646
f 1234//1234 54//54 31//31
f 86//86 112//112 101//101
f 210//210 241//241 156//156
f 923//923 917//917 911//911
f 697//697 34//34 16//16
f 145//145 193//193 210//210
f 256//256 265//265 283//283
f 265//265 310//310 283//283
f 283//283 310//310 369//369
f 310//310 344//344 369//369
f 344//344 370//370 369//369
f 370//370 389//389 369//369
f 409//409 408//408 389//389
f 409//409 466//466 408//408
f 466//466 457//457 408//408
f 466//466 49//49 457//457
f 49//49 135//135 494//494
f 174//174 225//225 215//215
f 1014//1014 766//766 602//602
f 826//826 2220//2220 2215//2215
f 1078//1078 1494//1494 1081//1081
f 1273//1273 70//70 86//86
f 120//120 112//112 86//86
f 146//146 145//145 112//112
f 146//146 193//193 145//145
f 265//265 256//256 241//241
f 223//223 265//265 241//241
f 486//486 49//49 466//466
f 175//175 327//327 135//135
f 105//105 122//122 115//115
f 480//480 15//15 681//681
f 225//225 234//234 215//215
f 731//731 34//34 697//697
f 86//86 54//54 1273//1273
f 70//70 120//120 86//86
f 193//193 241//241 210//210
f 299//299 310//310 265//265
f 310//310 333//333 344//344
f 344//344 351//351 370//370
f 424//424 466//466 409//409
f 135//135 49//49 175//175
f 214//214 215//215 234//234
f 48//48 75//75 47//47
f 34//34 9//9 1038//1038
f 16//16 34//34 1038//1038
f 203//203 291//291 271//271
f 9//9 558//558 754//754
f 1195//1195 397//397 1120//1120
f 120//120 146//146 112//112
f 146//146 194//194 193//193
f 266//266 265//265 223//223
f 266//266 299//299 265//265
f 299//299 333//333 310//310
f 333//333 351//351 344//344
f 382//382 383//383 392//392
f 399//399 416//416 415//415
f 266//266 333//333 299//299
f 351//351 352//352 370//370
f 424//424 486//486 466//466
f 487//487 175//175 49//49
f 7//7 117//117 187//187
f 1182//1182 414//414 440//440
f 41//41 42//42 46//46
f 290//290 289//289 497//497
f 2502//2502 2464//2464 2473//2473
f 372//372 399//399 414//414
f 1570//1570 1585//1585 1584//1584
f 1066//1066 1//1 1165//1165
f 1//1 202//202 1165//1165
f 120//120 70//70 102//102
f 157//157 146//146 120//120
f 194//194 223//223 193//193
f 223//223 241//241 193//193
f 352//352 379//379 370//370
f 370//370 379//379 389//389
f 410//410 409//409 389//389
f 2478//2478 1409//1409 1958//1958
f 806//806 945//945 1002//1002
f 157//157 194//194 146//146
f 267//267 266//266 223//223
f 267//267 333//333 266//266
f 379//379 410//410 389//389
f 410//410 438//438 409//409
f 438//438 424//424 409//409
f 190//190 205//205 143//143
f 337//337 371//371 361//361
f 2215//2215 830//830 826//826
f 1631//1631 1646//1646 1638//1638
f 102//102 157//157 120//120
f 157//157 195//195 194//194
f 195//195 223//223 194//194
f 195//195 211//211 223//223
f 223//223 211//211 267//267
f 267//267 300//300 333//333
f 300//300 334//334 351//351
f 333//333 300//300 351//351
f 351//351 334//334 352//352
f 410//410 411//411 438//438
f 438//438 486//486 424//424
f 487//487 49//49 486//486
f 875//875 594//594 989//989
f 108//108 581//581 66//66
f 225//225 245//245 244//244
f 312//312 336//336 335//335
f 151//151 754//754 107//107
f 274//274 1386//1386 300//300
f 352//352 334//334 379//379
f 923//923 1729//1729 1096//1096
f 244//244 245//245 268//268
f 463//463 464//464 454//454
f 414//414 399//399 415//415
f 15//15 480//480 470//470
f 1647//1647 1069//1069 1078//1078
f 909//909 922//922 833//833
f 387//387 417//417 328//328
f 133//133 157//157 102//102
f 1314//1314 133//133 102//102
f 133//133 195//195 157//157
f 1148//1148 1179//1179 1160//1160
f 1046//1046 1167//1167 182//182
f 379//379 411//411 410//410
f 792//792 339//339 229//229
f 391//391 7//7 668//668
f 185//185 226//226 174//174
f 461//461 290//290 497//497
f 2027//2027 504//504 2501//2501
f 1196//1196 1054//1054 403//403
f 728//728 1019//1019 752//752
f 2459//2459 2483//2483 2461//2461
f 1291//1291 1264//1264 55//55
f 133//133 1356//1356 195//195
f 195//195 1356//1356 211//211
f 412//412 438//438 411//411
f 4//4 486//486 438//438
f 458//458 4//4 438//438
f 4//4 487//487 486//486
f 1720//1720 1572//1572 1771//1771
f 245//245 275//275 268//268
f 1869//1869 2021//2021 2059//2059
f 235//235 399//399 372//372
f 64//64 60//60 105//105
f 836//836 2492//2492 879//879
f 1315//1315 133//133 1314//1314
f 1331//1331 1382//1382 1356//1356
f 1310//1310 926//926 1128//1128
f 7//7 1121//1121 117//117
f 119//119 161//161 611//611
f 380//380 379//379 334//334
f 379//379 380//380 411//411
f 467//467 4//4 458//458
f 495//495 487//487 4//4
f 495//495 1126//1126 487//487
f 416//416 400//400 533//533
f 479//479 469//469 498//498
f 74//74 116//116 73//73
f 478//478 461//461 497//497
f 393//393 400//400 416//416
f 61//61 1291//1291 55//55
f 505//505 1999//1999 2474//2474
f 1999//1999 2491//2491 2474//2474
f 199//199 189//189 36//36
f 1164//1164 1165//1165 169//169
f 1179//1179 387//387 249//249
f 390//390 411//411 380//380
f 411//411 390//390 412//412
f 458//458 438//438 412//412
f 495//495 168//168 1126//1126
f 480//480 469//469 470//470
f 116//116 122//122 105//105
f 418//418 187//187 140//140
f 185//185 174//174 167//167
f 166//166 148//148 167//167
f 470//470 469//469 443//443
f 40//40 55//55 32//32
f 61//61 71//71 1291//1291
f 71//71 103//103 1291//1291
f 1184//1184 1173//1173 1154//1154
f 634//634 514//514 97//97
f 425//425 458//458 412//412
f 917//917 923//923 931//931
f 2472//2472 2489//2489 853//853
f 754//754 641//641 567//567
f 44//44 567//567 1163//1163
f 454//454 470//470 443//443
f 40//40 32//32 1249//1249
f 33//33 40//40 1249//1249
f 56//56 55//55 40//40
f 56//56 61//61 55//55
f 451//451 1265//1265 439//439
f 1180//1180 417//417 1179//1179
f 1099//1099 301//301 1077//1077
f 1189//1189 1058//1058 939//939
f 1059//1059 221//221 1132//1132
f 598//598 1074//1074 1075//1075
f 412//412 426//426 425//425
f 650//650 186//186 185//185
f 234//234 244//244 259//259
f 226//226 245//245 225//225
f 1033//1033 1042//1042 1030//1030
f 2492//2492 836//836 247//247
f 7//7 169//169 1121//1121
f 1462//1462 1322//1322 1482//1482
f 425//425 467//467 458//458
f 496//496 4//4 467//467
f 1751//1751 2468//2468 2480//2480
f 290//290 418//418 140//140
f 326//326 789//789 762//762
f 142//142 177//177 161//161
f 165//165 1751//1751 2480//2480
f 87//87 103//103 71//71
f 103//103 87//87 104//104
f 1180//1180 1179//1179 1148//1148
f 417//417 387//387 1179//1179
f 2081//2081 2060//2060 2031//2031
f 1154//1154 1173//1173 1141//1141
f 181//181 131//131 197//197
f 442//442 425//425 426//426
f 614//614 144//144 143//143
f 876//876 1010//1010 797//797
f 40//40 45//45 56//56
f 56//56 45//45 61//61
f 87//87 71//71 61//61
f 1563//1563 1437//1437 1590//1590
f 1121//1121 385//385 117//117
f 1148//1148 1160//1160 1137//1137
f 1449//1449 1459//1459 1439//1439
f 1028//1028 2462//2462 929//929
f 442//442 459//459 425//425
f 459//459 467//467 425//425
f 168//168 495//495 4//4
f 496//496 168//168 4//4
f 1763//1763 1403//1403 1444//1444
f 140//140 187//187 117//117
f 244//244 234//234 225//225
f 246//246 740//740 269//269
f 372//372 414//414 1182//1182
f 40//40 547//547 45//45
f 45//45 62//62 61//61
f 62//62 87//87 61//61
f 87//87 88//88 104//104
f 1084//1084 517//517 1054//1054
f 387//387 328//328 1064//1064
f 2467//2467 2497//2497 2485//2485
f 286//286 1363//1363 302//302
f 205//205 189//189 162//162
f 290//290 140//140 289//289
f 214//214 234//234 224//224
f 393//393 399//399 809//809
f 315//315 1131//1131 397//397
f 302//302 321//321 353//353
f 1164//1164 169//169 391//391
f 427//427 459//459 442//442
f 217//217 496//496 467//467
f 217//217 168//168 496//496
f 978//978 969//969 2074//2074
f 361//361 383//383 382//382
f 269//269 276//276 245//245
f 1440//1440 11//11 305//305
f 62//62 88//88 87//87
f 328//328 1066//1066 1064//1064
f 1066//1066 1165//1165 1164//1164
f 242//242 287//287 302//302
f 1363//1363 242//242 302//302
f 287//287 321//321 302//302
f 1179//1179 249//249 1187//1187
f 983//983 1020//1020 1004//1004
f 464//464 747//747 481//481
f 788//788 323//323 276//276
f 269//269 245//245 246//246
f 88//88 89//89 1325//1325
f 171//171 172//172 242//242
f 360//360 353//353 321//321
f 360//360 1354//1354 353//353
f 1057//1057 1064//1064 1164//1164
f 2184//2184 2188//2188 2183//2183
f 460//460 459//459 451//451
f 460//460 467//467 459//459
f 149//149 168//168 217//217
f 149//149 136//136 168//168
f 116//116 129//129 122//122
f 109//109 124//124 77//77
f 159//159 167//167 148//148
f 28//28 42//42 41//41
f 57//57 88//88 62//62
f 45//45 57//57 62//62
f 1336//1336 1325//1325 89//89
f 89//89 72//72 1336//1336
f 147//147 172//172 171//171
f 172//172 258//258 242//242
f 258//258 257//257 242//242
f 257//257 287//287 242//242
f 257//257 321//321 287//287
f 345//345 360//360 321//321
f 360//360 381//381 1354//1354
f 1069//1069 938//938 1655//1655
f 387//387 473//473 249//249
f 270//270 217//217 467//467
f 130//130 136//136 149//149
f 851//851 847//847 829//829
f 983//983 987//987 975//975
f 189//189 177//177 142//142
f 88//88 72//72 89//89
f 184//184 258//258 172//172
f 257//257 288//288 321//321
f 1265//1265 451//451 459//459
f 270//270 149//149 217//217
f 226//226 225//225 174//174
f 27//27 28//28 41//41
f 109//109 125//125 124//124
f 547//547 57//57 45//45
f 57//57 58//58 88//88
f 88//88 58//58 72//72
f 2476//2476 2484//2484 2458//2458
f 147//147 184//184 172//172
f 184//184 213//213 258//258
f 258//258 243//243 257//257
f 243//243 288//288 257//257
f 345//345 321//321 288//288
f 391//391 169//169 7//7
f 468//468 460//460 451//451
f 468//468 488//488 460//460
f 270//270 467//467 460//460
f 488//488 270//270 460//460
f 1206//1206 136//136 130//130
f 481//481 793//793 150//150
f 143//143 205//205 162//162
f 142//142 119//119 124//124
f 58//58 90//90 72//72
f 90//90 128//128 72//72
f 147//147 173//173 184//184
f 173//173 213//213 184//184
f 213//213 233//233 258//258
f 258//258 233//233 243//243
f 354//354 360//360 345//345
f 354//354 381//381 360//360
f 1026//1026 991//991 307//307
f 268//268 312//312 259//259
f 1206//1206 130//130 1080//1080
f 116//116 105//105 73//73
f 139//139 148//148 166//166
f 275//275 312//312 268//268
f 188//188 401//401 187//187
f 2479//2479 2459//2459 2461//2461
f 58//58 63//63 90//90
f 1064//1064 1066//1066 1164//1164
f 1064//1064 473//473 387//387
f 288//288 311//311 345//345
f 311//311 354//354 345//345
f 996//996 994//994 307//307
f 452//452 468//468 439//439
f 452//452 478//478 468//468
f 478//478 488//488 468//468
f 141//141 130//130 149//149
f 1564//1564 1639//1639 1563//1563
f 547//547 41//41 57//57
f 2081//2081 2107//2107 2060//2060
f 382//382 381//381 354//354
f 497//497 270//270 488//488
f 289//289 149//149 270//270
f 289//289 141//141 149//149
f 114//114 122//122 139//139
f 59//59 60//60 64//64
f 275//275 323//323 312//312
f 401//401 668//668 7//7
f 41//41 46//46 57//57
f 57//57 46//46 58//58
f 1459//1459 1345//1345 1269//1269
f 1342//1342 121//121 158//158
f 166//166 173//173 158//158
f 213//213 224//224 233//233
f 233//233 259//259 243//243
f 243//243 322//322 288//288
f 322//322 311//311 288//288
f 453//453 478//478 452//452
f 497//497 289//289 270//270
f 912//912 911//911 906//906
f 276//276 323//323 275//275
f 276//276 275//275 245//245
f 46//46 63//63 58//58
f 90//90 121//121 128//128
f 173//173 214//214 213//213
f 213//213 214//214 224//224
f 259//259 322//322 243//243
f 336//336 311//311 322//322
f 336//336 354//354 311//311
f 361//361 382//382 354//354
f 1043//1043 439//439 1290//1290
f 497//497 488//488 478//478
f 385//385 130//130 141//141
f 385//385 1080//1080 130//130
f 144//144 190//190 143//143
f 535//535 41//41 547//547
f 121//121 166//166 158//158
f 335//335 336//336 322//322
f 354//354 336//336 361//361
f 2004//2004 2481//2481 1764//1764
f 698//698 439//439 1043//1043
f 289//289 140//140 141//141
f 923//923 1096//1096 931//931
f 650//650 185//185 159//159
f 46//46 59//59 63//63
f 63//63 91//91 90//90
f 90//90 114//114 121//121
f 121//121 139//139 166//166
f 173//173 196//196 214//214
f 259//259 335//335 322//322
f 2478//2478 2502//2502 2434//2434
f 312//312 337//337 336//336
f 90//90 91//91 114//114
f 114//114 139//139 121//121
f 166//166 196//196 173//173
f 224//224 234//234 233//233
f 234//234 259//259 233//233
f 259//259 312//312 335//335
f 1124//1124 916//916 1189//1189
f 542//542 541//541 530//530
f 462//462 479//479 290//290
f 269//269 783//783 276//276
f 813//813 567//567 641//641
f 276//276 783//783 788//788
f 82//82 1038//1038 1333//1333
f 816//816 701//701 703//703
f 672//672 137//137 603//603
f 625//625 635//635 624//624
f 2457//2457 2439//2439 1973//1973
f 767//767 533//533 529//529
f 2468//2468 1869//1869 2480//2480
f 662//662 190//190 639//639
f 711//711 720//720 719//719
f 630//630 639//639 614//614
f 161//161 654//654 638//638
f 781//781 991//991 982//982
f 1227//1227 31//31 516//516
f 648//648 639//639 630//630
f 630//630 614//614 590//590
f 2098//2098 544//544 1899//1899
f 578//578 579//579 586//586
f 697//697 492//492 551//551
f 529//529 533//533 400//400
f 869//869 859//859 870//870
f 1732//1732 924//924 914//914
f 1004//1004 1027//1027 991//991
f 801//801 591//591 603//603
f 636//636 676//676 651//651
f 876//876 949//949 965//965
f 2207//2207 1789//1789 1859//1859
f 76//76 739//739 237//237
f 188//188 681//681 15//15
f 578//578 604//604 599//599
f 797//797 616//616 995//995
f 510//510 2035//2035 1365//1365
f 76//76 812//812 617//617
f 617//617 739//739 76//76
f 1468//1468 93//93 1765//1765
f 596//596 546//546 812//812
f 1457//1457 1305//1305 1477//1477
f 760//760 197//197 150//150
f 671//671 773//773 765//765
f 586//586 609//609 604//604
f 591//591 700//700 632//632
f 476//476 2312//2312 474//474
f 2084//2084 2027//2027 2489//2489
f 582//582 590//590 571//571
f 1555//1555 2449//2449 1996//1996
f 674//674 546//546 596//596
f 812//812 655//655 617//617
f 161//161 177//177 661//661
f 599//599 604//604 636//636
f 700//700 787//787 576//576
f 776//776 675//675 572//572
f 776//776 674//674 675//675
f 617//617 634//634 739//739
f 591//591 632//632 649//649
f 612//612 546//546 674//674
f 617//617 655//655 634//634
f 728//728 752//752 706//706
f 571//571 2311//2311 2305//2305
f 775//775 674//674 776//776
f 775//775 612//612 674//674
f 612//612 628//628 546//546
f 546//546 628//628 812//812
f 812//812 628//628 655//655
f 620//620 630//630 615//615
f 620//620 648//648 630//630
f 667//667 653//653 646//646
f 810//810 782//782 785//785
f 150//150 197//197 814//814
f 534//534 1517//1517 2000//2000
f 702//702 572//572 2378//2378
f 748//748 776//776 572//572
f 655//655 613//613 634//634
f 911//911 917//917 905//905
f 648//648 679//679 662//662
f 727//727 771//771 713//713
f 750//750 807//807 799//799
f 639//639 190//190 144//144
f 662//662 679//679 200//200
f 702//702 748//748 572//572
f 775//775 776//776 748//748
f 628//628 718//718 655//655
f 626//626 658//658 645//645
f 791//791 778//778 790//790
f 612//612 811//811 628//628
f 613//613 514//514 634//634
f 1380//1380 1756//1756 1673//1673
f 570//570 590//590 614//614
f 720//720 741//741 719//719
f 1074//1074 795//795 835//835
f 614//614 639//639 144//144
f 612//612 775//775 811//811
f 718//718 735//735 655//655
f 655//655 735//735 613//613
f 798//798 338//338 788//788
f 636//636 652//652 676//676
f 571//571 590//590 555//555
f 528//528 730//730 687//687
f 690//690 702//702 2312//2312
f 476//476 690//690 2312//2312
f 811//811 718//718 628//628
f 721//721 778//778 727//727
f 748//748 702//702 690//690
f 735//735 686//686 613//613
f 1517//1517 2002//2002 2127//2127
f 654//654 685//685 667//667
f 569//569 588//588 606//606
f 513//513 531//531 538//538
f 538//538 549//549 548//548
f 549//549 553//553 548//548
f 550//550 588//588 549//549
f 1903//1903 869//869 870//870
f 691//691 775//775 748//748
f 691//691 600//600 775//775
f 600//600 811//811 775//775
f 811//811 563//563 718//718
f 563//563 736//736 718//718
f 718//718 736//736 735//735
f 736//736 647//647 735//735
f 735//735 647//647 686//686
f 686//686 745//745 613//613
f 745//745 514//514 613//613
f 569//569 606//606 605//605
f 654//654 667//667 638//638
f 851//851 857//857 847//847
f 588//588 569//569 549//549
f 690//690 691//691 748//748
f 680//680 514//514 745//745
f 2127//2127 2002//2002 2094//2094
f 747//747 701//701 481//481
f 400//400 373//373 529//529
f 600//600 536//536 811//811
f 536//536 563//563 811//811
f 1306//1306 227//227 1152//1152
f 522//522 24//24 18//18
f 523//523 24//24 522//522
f 865//865 857//857 851//851
f 2031//2031 2060//2060 1540//1540
f 767//767 701//701 747//747
f 618//618 652//652 609//609
f 652//652 636//636 609//609
f 573//573 22//22 710//710
f 642//642 699//699 730//730
f 1522//1522 1518//1518 2476//2476
f 500//500 629//629 691//691
f 690//690 500//500 691//691
f 691//691 629//629 600//600
f 780//780 644//644 641//641
f 579//579 578//578 561//561
f 131//131 668//668 197//197
f 197//197 668//668 814//814
f 789//789 809//809 798//798
f 622//622 760//760 150//150
f 621//621 563//563 536//536
f 673//673 745//745 686//686
f 673//673 818//818 745//745
f 818//818 680//680 745//745
f 680//680 96//96 514//514
f 2495//2495 2462//2462 1028//1028
f 1028//1028 583//583 575//575
f 663//663 794//794 664//664
f 629//629 761//761 600//600
f 761//761 757//757 600//600
f 600//600 757//757 536//536
f 621//621 696//696 563//563
f 755//755 736//736 563//563
f 696//696 755//755 563//563
f 633//633 736//736 755//755
f 633//633 647//647 736//736
f 623//623 686//686 647//647
f 633//633 623//623 647//647
f 686//686 623//623 673//673
f 819//819 680//680 818//818
f 680//680 819//819 96//96
f 1729//1729 1677//1677 1096//1096
f 2482//2482 1899//1899 2471//2471
f 537//537 536//536 757//757
f 536//536 537//537 621//621
f 673//673 819//819 818//818
f 2428//2428 222//222 230//230
f 25//25 24//24 523//523
f 25//25 557//557 24//24
f 38//38 25//25 19//19
f 710//710 22//22 272//272
f 663//663 759//759 794//794
f 1120//1120 878//878 1195//1195
f 537//537 696//696 621//621
f 696//696 633//633 755//755
f 822//822 2215//2215 2220//2220
f 97//97 96//96 1053//1053
f 750//750 784//784 743//743
f 887//887 905//905 864//864
f 768//768 784//784 373//373
f 512//512 513//513 548//548
f 573//573 664//664 22//22
f 696//696 715//715 633//633
f 673//673 521//521 819//819
f 2454//2454 2453//2453 2445//2445
f 883//883 887//887 847//847
f 306//306 812//812 76//76
f 642//642 528//528 759//759
f 798//798 809//809 235//235
f 994//994 792//792 998//998
f 587//587 626//626 586//586
f 1900//1900 1918//1918 1937//1937
f 645//645 652//652 618//618
f 537//537 786//786 696//696
f 521//521 593//593 819//819
f 515//515 19//19 523//523
f 741//741 749//749 719//719
f 789//789 326//326 809//809
f 539//539 581//581 550//550
f 657//657 777//777 723//723
f 684//684 713//713 660//660
f 692//692 712//712 720//720
f 652//652 666//666 692//692
f 507//507 761//761 629//629
f 472//472 507//507 629//629
f 507//507 757//757 761//761
f 623//623 633//633 673//673
f 724//724 521//521 673//673
f 515//515 516//516 19//19
f 304//304 675//675 674//674
f 178//178 778//778 721//721
f 947//947 1447//1447 2358//2358
f 626//626 645//645 618//618
f 586//586 626//626 618//618
f 784//784 768//768 742//742
f 753//753 537//537 757//757
f 537//537 753//753 786//786
f 724//724 981//981 521//521
f 521//521 981//981 593//593
f 979//979 559//559 850//850
f 637//637 660//660 677//677
f 787//787 631//631 576//576
f 141//141 117//117 385//385
f 809//809 399//399 235//235
f 641//641 754//754 558//558
f 542//542 553//553 561//561
f 742//742 768//768 762//762
f 444//444 416//416 533//533
f 528//528 687//687 796//796
f 813//813 598//598 566//566
f 1490//1490 1501//1501 1557//1557
f 753//753 757//757 507//507
f 786//786 715//715 696//696
f 633//633 724//724 673//673
f 2090//2090 2062//2062 2109//2109
f 646//646 653//653 660//660
f 660//660 694//694 683//683
f 677//677 660//660 683//683
f 1872//1872 839//839 838//838
f 1224//1224 18//18 30//30
f 326//326 393//393 809//809
f 799//799 529//529 373//373
f 313//313 507//507 472//472
f 715//715 774//774 633//633
f 974//974 699//699 841//841
f 703//703 820//820 816//816
f 692//692 711//711 676//676
f 1014//1014 355//355 766//766
f 875//875 752//752 1019//1019
f 627//627 646//646 660//660
f 711//711 692//692 720//720
f 652//652 692//692 676//676
f 799//799 373//373 784//784
f 813//813 566//566 567//567
f 2462//2462 2482//2482 2475//2475
f 764//764 644//644 780//780
f 1479//1479 1924//1924 1916//1916
f 753//753 738//738 786//786
f 738//738 607//607 786//786
f 786//786 607//607 715//715
f 715//715 524//524 774//774
f 633//633 774//774 724//724
f 559//559 979//979 672//672
f 758//758 798//798 783//783
f 683//683 694//694 705//705
f 820//820 703//703 562//562
f 764//764 687//687 644//644
f 744//744 743//743 725//725
f 313//313 753//753 507//507
f 607//607 524//524 715//715
f 664//664 801//801 22//22
f 646//646 627//627 610//610
f 800//800 820//820 562//562
f 750//750 769//769 807//807
f 767//767 747//747 533//533
f 578//578 586//586 604//604
f 862//862 593//593 981//981
f 688//688 2382//2382 1083//1083
f 306//306 304//304 674//674
f 738//738 584//584 607//607
f 168//168 136//136 238//238
f 773//773 552//552 765//765
f 2473//2473 2464//2464 2458//2458
f 773//773 793//793 552//552
f 626//626 619//619 658//658
f 1007//1007 1139//1139 1013//1013
f 562//562 529//529 799//799
f 744//744 750//750 743//743
f 659//659 683//683 693//693
f 677//677 683//683 659//659
f 313//313 737//737 753//753
f 753//753 737//737 738//738
f 607//607 729//729 524//524
f 27//27 518//518 28//28
f 553//553 569//569 580//580
f 657//657 163//163 777//777
f 580//580 569//569 605//605
f 789//789 798//798 758//758
f 769//769 562//562 807//807
f 820//820 671//671 816//816
f 638//638 646//646 611//611
f 1074//1074 598//598 644//644
f 750//750 799//799 784//784
f 1931//1931 907//907 898//898
f 2483//2483 2487//2487 2461//2461
f 737//737 584//584 738//738
f 1439//1439 1438//1438 1431//1431
f 2098//2098 1213//1213 544//544
f 48//48 578//578 75//75
f 796//796 631//631 787//787
f 815//815 732//732 21//21
f 581//581 588//588 550//550
f 625//625 636//636 651//651
f 778//778 1011//1011 810//810
f 693//693 705//705 725//725
f 693//693 683//683 705//705
f 236//236 1921//1921 1966//1966
f 584//584 729//729 607//607
f 2237//2237 1866//1866 2227//2227
f 530//530 541//541 28//28
f 237//237 739//739 248//248
f 512//512 530//530 28//28
f 727//727 778//778 771//771
f 684//684 727//727 713//713
f 2237//2237 2220//2220 826//826
f 542//542 561//561 560//560
f 528//528 796//796 700//700
f 808//808 785//785 671//671
f 739//739 592//592 248//248
f 895//895 905//905 896//896
f 740//740 246//246 186//186
f 272//272 137//137 979//979
f 770//770 769//769 744//744
f 712//712 742//742 720//720
f 1213//1213 2026//2026 544//544
f 1888//1888 1235//1235 2438//2438
f 555//555 554//554 2311//2311
f 737//737 313//313 1192//1192
f 1585//1585 1612//1612 1611//1611
f 695//695 721//721 685//685
f 518//518 17//17 28//28
f 769//769 770//770 562//562
f 719//719 749//749 740//740
f 648//648 669//669 679//679
f 773//773 657//657 723//723
f 606//606 637//637 619//619
f 2072//2072 2062//2062 2042//2042
f 606//606 619//619 626//626
f 549//549 569//569 553//553
f 161//161 638//638 611//611
f 910//910 917//917 942//942
f 917//917 1103//1103 942//942
f 991//991 1026//1026 992//992
f 979//979 137//137 672//672
f 785//785 163//163 657//657
f 710//710 2488//2488 2472//2472
f 611//611 581//581 119//119
f 808//808 671//671 820//820
f 1820//1820 1900//1900 1870//1870
f 759//759 700//700 591//591
f 637//637 677//677 619//619
f 2494//2494 2490//2490 2463//2463
f 671//671 765//765 816//816
f 687//687 764//764 780//780
f 1019//1019 992//992 1026//1026
f 1726//1726 1719//1719 987//987
f 713//713 771//771 694//694
f 51//51 2355//2355 78//78
f 510//510 526//526 525//525
f 525//525 526//526 1249//1249
f 526//526 33//33 1249//1249
f 2311//2311 554//554 2335//2335
f 827//827 848//848 840//840
f 603//603 591//591 649//649
f 758//758 269//269 740//740
f 1595//1595 1612//1612 1586//1586
f 1694//1694 1048//1048 1699//1699
f 682//682 740//740 186//186
f 22//22 801//801 603//603
f 555//555 570//570 554//554
f 1053//1053 110//110 97//97
f 615//615 582//582 601//601
f 814//814 668//668 188//188
f 725//725 705//705 744//744
f 528//528 700//700 759//759
f 640//640 648//648 620//620
f 703//703 701//701 562//562
f 886//886 892//892 582//582
f 631//631 731//731 576//576
f 1087//1087 1835//1835 1747//1747
f 882//882 864//864 895//895
f 956//956 950//950 1103//1103
f 1502//1502 2500//2500 2470//2470
f 205//205 190//190 200//200
f 815//815 878//878 616//616
f 616//616 878//878 995//995
f 1183//1183 878//878 815//815
f 1601//1601 1827//1827 881//881
f 527//527 535//535 526//526
f 2184//2184 2183//2183 2175//2175
f 1142//1142 1125//1125 1133//1133
f 235//235 338//338 798//798
f 160//160 339//339 792//792
f 599//599 92//92 75//75
f 598//598 1116//1116 566//566
f 631//631 558//558 731//731
f 771//771 770//770 744//744
f 730//730 528//528 642//642
f 841//841 699//699 642//642
f 668//668 401//401 188//188
f 510//510 527//527 526//526
f 749//749 758//758 740//740
f 706//706 721//721 695//695
f 694//694 726//726 705//705
f 694//694 744//744 726//726
f 906//906 911//911 905//905
f 661//661 695//695 161//161
f 708//708 815//815 616//616
f 535//535 547//547 33//33
f 794//794 759//759 591//591
f 778//778 808//808 790//790
f 269//269 758//758 783//783
f 771//771 744//744 694//694
f 800//800 808//808 820//820
f 571//571 886//886 582//582
f 854//854 948//948 1010//1010
f 906//906 905//905 887//887
f 625//625 651//651 635//635
f 2000//2000 1226//1226 534//534
f 2140//2140 1504//1504 2016//2016
f 601//601 620//620 615//615
f 620//620 601//601 640//640
f 648//648 640//640 669//669
f 698//698 452//452 439//439
f 671//671 785//785 657//657
f 1561//1561 2356//2356 545//545
f 685//685 653//653 667//667
f 685//685 727//727 684//684
f 568//568 616//616 797//797
f 708//708 732//732 815//815
f 93//93 229//229 339//339
f 865//865 851//851 839//839
f 942//942 1103//1103 950//950
f 589//589 614//614 125//125
f 606//606 610//610 627//627
f 951//951 834//834 873//873
f 92//92 599//599 625//625
f 1878//1878 830//830 1902//1902
f 2482//2482 2098//2098 1899//1899
f 568//568 708//708 616//616
f 708//708 551//551 732//732
f 2434//2434 2487//2487 2483//2483
f 160//160 964//964 665//665
f 2316//2316 2391//2391 2309//2309
f 762//762 758//758 749//749
f 570//570 614//614 589//589
f 888//888 897//897 883//883
f 2000//2000 1517//1517 1388//1388
f 685//685 721//721 727//727
f 588//588 610//610 606//606
f 653//653 685//685 684//684
f 651//651 650//650 635//635
f 760//760 1151//1151 6//6
f 793//793 622//622 150//150
f 651//651 676//676 650//650
f 744//744 769//769 750//750
f 541//541 542//542 560//560
f 476//476 500//500 690//690
f 473//473 1064//1064 1057//1057
f 561//561 578//578 560//560
f 636//636 625//625 599//599
f 876//876 995//995 949//949
f 829//829 856//856 846//846
f 682//682 704//704 740//740
f 791//791 790//790 770//770
f 2466//2466 2500//2500 2460//2460
f 579//579 587//587 586//586
f 1352//1352 1208//1208 1095//1095
f 1684//1684 1479//1479 1916//1916
f 604//604 609//609 636//636
f 751//751 721//721 706//706
f 810//810 608//608 782//782
f 672//672 603//603 649//649
f 475//475 447//447 476//476
f 794//794 591//591 801//801
f 682//682 186//186 650//650
f 808//808 800//800 790//790
f 644//644 598//598 813//813
f 704//704 719//719 740//740
f 1011//1011 608//608 810//810
f 1192//1192 584//584 737//737
f 687//687 780//780 796//796
f 2337//2337 474//474 2312//2312
f 638//638 667//667 646//646
f 706//706 1186//1186 728//728
f 733//733 575//575 568//568
f 595//595 551//551 708//708
f 595//595 540//540 551//551
f 1308//1308 501//501 1852//1852
f 665//665 339//339 160//160
f 527//527 2447//2447 535//535
f 558//558 9//9 731//731
f 723//723 793//793 773//773
f 660//660 713//713 694//694
f 693//693 725//725 666//666
f 562//562 767//767 529//529
f 550//550 538//538 531//531
f 2267//2267 2287//2287 2233//2233
f 996//996 964//964 160//160
f 2068//2068 2470//2470 2466//2466
f 704//704 711//711 719//719
f 741//741 762//762 749//749
f 605//605 606//606 626//626
f 548//548 542//542 530//530
f 995//995 878//878 709//709
f 1898//1898 1684//1684 1916//1916
f 778//778 791//791 771//771
f 782//782 163//163 785//785
f 789//789 758//758 762//762
f 857//857 883//883 847//847
f 733//733 970//970 1028//1028
f 838//838 829//829 825//825
f 2447//2447 511//511 535//535
f 22//22 603//603 137//137
f 705//705 726//726 744//744
f 605//605 587//587 580//580
f 512//512 548//548 530//530
f 743//743 784//784 742//742
f 790//790 800//800 770//770
f 778//778 810//810 808//808
f 1014//1014 998//998 355//355
f 708//708 568//568 595//595
f 656//656 697//697 551//551
f 540//540 656//656 551//551
f 143//143 125//125 614//614
f 1000//1000 1020//1020 983//983
f 778//778 178//178 1011//1011
f 676//676 704//704 682//682
f 637//637 627//627 660//660
f 606//606 627//627 637//637
f 701//701 552//552 481//481
f 808//808 810//810 785//785
f 590//590 570//570 555//555
f 716//716 595//595 568//568
f 2355//2355 2335//2335 554//554
f 912//912 1729//1729 911//911
f 1076//1076 1456//1456 1546//1546
f 697//697 68//68 492//492
f 676//676 711//711 704//704
f 839//839 851//851 838//838
f 1028//1028 575//575 733//733
f 1020//1020 844//844 982//982
f 716//716 568//568 575//575
f 844//844 781//781 982//982
f 1238//1238 2156//2156 2034//2034
f 553//553 580//580 561//561
f 580//580 579//579 561//561
f 452//452 461//461 453//453
f 560//560 578//578 48//48
f 564//564 540//540 595//595
f 632//632 656//656 540//540
f 564//564 632//632 540//540
f 75//75 578//578 599//599
f 518//518 27//27 535//535
f 511//511 518//518 535//535
f 783//783 798//798 788//788
f 642//642 759//759 663//663
f 720//720 742//742 741//741
f 605//605 626//626 587//587
f 580//580 587//587 579//579
f 725//725 712//712 666//666
f 562//562 701//701 767//767
f 1729//1729 923//923 911//911
f 712//712 743//743 742//742
f 619//619 677//677 658//658
f 161//161 695//695 654//654
f 770//770 800//800 562//562
f 2084//2084 2489//2489 2472//2472
f 575//575 559//559 716//716
f 716//716 564//564 595//595
f 654//654 695//695 685//685
f 843//843 855//855 2064//2064
f 34//34 731//731 9//9
f 527//527 510//510 1973//1973
f 723//723 622//622 793//793
f 992//992 1726//1726 987//987
f 693//693 666//666 652//652
f 2472//2472 853//853 573//573
f 624//624 159//159 148//148
f 671//671 657//657 773//773
f 681//681 188//188 498//498
f 797//797 970//970 733//733
f 565//565 656//656 632//632
f 565//565 697//697 656//656
f 565//565 731//731 697//697
f 1949//1949 951//951 920//920
f 85//85 111//111 84//84
f 662//662 200//200 190//190
f 44//44 324//324 754//754
f 33//33 547//547 40//40
f 658//658 693//693 652//652
f 658//658 652//652 645//645
f 664//664 794//794 801//801
f 666//666 712//712 692//692
f 639//639 648//648 662//662
f 611//611 646//646 610//610
f 850//850 559//559 575//575
f 1447//1447 2490//2490 1106//1106
f 1972//1972 1955//1955 1935//1935
f 582//582 615//615 590//590
f 66//66 581//581 539//539
f 780//780 641//641 631//631
f 796//796 780//780 631//631
f 1049//1049 1192//1192 83//83
f 1348//1348 13//13 1519//1519
f 799//799 807//807 562//562
f 581//581 611//611 588//588
f 687//687 795//795 644//644
f 663//663 8//8 642//642
f 1936//1936 1972//1972 1935//1935
f 650//650 676//676 682//682
f 615//615 630//630 590//590
f 730//730 795//795 687//687
f 742//742 762//762 741//741
f 548//548 553//553 542//542
f 1048//1048 1692//1692 1074//1074
f 658//658 659//659 693//693
f 37//37 52//52 30//30
f 611//611 610//610 588//588
f 649//649 632//632 564//564
f 565//565 576//576 731//731
f 2138//2138 922//922 1058//1058
f 1204//1204 854//854 965//965
f 725//725 743//743 712//712
f 644//644 813//813 641//641
f 660//660 653//653 684//684
f 771//771 791//791 770//770
f 644//644 795//795 1074//1074
f 469//469 480//480 681//681
f 559//559 672//672 564//564
f 716//716 559//559 564//564
f 672//672 649//649 564//564
f 2161//2161 1378//1378 2171//2171
f 474//474 475//475 476//476
f 816//816 765//765 701//701
f 765//765 552//552 701//701
f 513//513 538//538 548//548
f 754//754 324//324 107//107
f 609//609 586//586 618//618
f 25//25 523//523 19//19
f 677//677 659//659 658//658
f 689//689 452//452 698//698
f 1334//1334 1115//1115 1353//1353
f 700//700 565//565 632//632
f 700//700 576//576 565//565
f 481//481 552//552 793//793
f 763//763 901//901 2458//2458
f 550//550 549//549 538//538
f 781//781 964//964 996//996
f 1596//1596 1634//1634 1595//1595
f 198//198 916//916 1124//1124
f 198//198 1124//1124 341//341
f 842//842 973//973 1025//1025
f 842//842 1025//1025 836//836
f 1009//1009 1024//1024 934//934
f 573//573 710//710 2472//2472
f 1100//1100 971//971 1002//1002
f 1501//1501 1081//1081 1557//1557
f 1225//1225 1219//1219 955//955
f 413//413 2138//2138 284//284
f 955//955 1630//1630 522//522
f 341//341 1124//1124 301//301
f 2333//2333 2376//2376 2350//2350
f 1107//1107 218//218 284//284
f 398//398 925//925 1513//1513
f 1513//1513 1442//1442 1495//1495
f 1935//1935 1455//1455 1744//1744
f 1723//1723 1935//1935 1744//1744
f 825//825 1872//1872 838//838
f 1495//1495 1442//1442 1496//1496
f 963//963 1024//1024 1009//1009
f 1511//1511 1514//1514 966//966
f 1775//1775 1729//1729 912//912
f 688//688 262//262 1067//1067
f 714//714 1007//1007 1512//1512
f 919//919 1732//1732 914//914
f 2319//2319 2331//2331 2304//2304
f 2400//2400 2407//2407 2391//2391
f 1674//1674 2164//2164 1780//1780
f 843//843 927//927 899//899
f 1660//1660 988//988 1188//1188
f 1067//1067 262//262 1640//1640
f 1381//1381 1109//1109 1483//1483
f 1437//1437 1381//1381 1483//1483
f 2495//2495 1010//1010 948//948
f 1514//1514 1289//1289 1313//1313
f 899//899 374//374 961//961
f 1438//1438 1430//1430 1422//1422
f 1634//1634 1095//1095 1632//1632
f 2487//2487 973//973 2461//2461
f 1003//1003 499//499 874//874
f 849//849 848//848 827//827
f 1430//1430 1462//1462 1453//1453
f 2496//2496 2084//2084 2471//2471
f 909//909 10//10 980//980
f 730//730 927//927 835//835
f 2031//2031 1540//1540 1536//1536
f 831//831 849//849 2178//2178
f 881//881 834//834 951//951
f 1841//1841 1722//1722 1803//1803
f 1005//1005 670//670 1020//1020
f 1021//1021 670//670 1005//1005
f 1869//1869 2059//2059 2467//2467
f 903//903 902//902 1939//1939
f 2476//2476 2502//2502 1651//1651
f 853//853 8//8 573//573
f 1850//1850 831//831 2178//2178
f 934//934 746//746 247//247
f 934//934 65//65 746//746
f 301//301 285//285 1077//1077
f 968//968 944//944 977//977
f 970//970 2495//2495 1028//1028
f 974//974 2465//2465 374//374
f 899//899 927//927 374//374
f 1882//1882 1898//1898 1916//1916
f 1613//1613 1634//1634 1596//1596
f 909//909 833//833 1396//1396
f 2492//2492 247//247 1003//1003
f 919//919 914//914 1931//1931
f 1459//1459 1299//1299 1458//1458
f 1634//1634 1632//1632 1633//1633
f 844//844 670//670 228//228
f 2494//2494 2497//2497 2467//2467
f 901//901 973//973 2487//2487
f 228//228 1772//1772 734//734
f 1701//1701 1709//1709 1666//1666
f 963//963 574//574 1024//1024
f 847//847 864//864 856//856
f 1730//1730 1736//1736 2239//2239
f 870//870 859//859 848//848
f 2074//2074 2111//2111 2103//2103
f 1140//1140 1590//1590 1483//1483
f 927//927 730//730 974//974
f 2103//2103 978//978 2074//2074
f 756//756 1745//1745 1718//1718
f 848//848 859//859 840//840
f 1296//1296 1482//1482 1320//1320
f 2331//2331 51//51 66//66
f 1067//1067 988//988 962//962
f 1396//1396 833//833 1445//1445
f 1001//1001 1005//1005 1000//1000
f 901//901 1009//1009 973//973
f 1099//1099 1077//1077 817//817
f 933//933 944//944 936//936
f 952//952 958//958 1828//1828
f 988//988 1660//1660 986//986
f 833//833 1067//1067 1445//1445
f 1067//1067 1640//1640 988//988
f 218//218 413//413 284//284
f 1843//1843 180//180 347//347
f 1846//1846 1708//1708 1798//1798
f 2469//2469 2477//2477 855//855
f 1006//1006 1021//1021 1005//1005
f 381//381 382//382 250//250
f 2369//2369 828//828 531//531
f 968//968 977//977 1001//1001
f 2460//2460 1949//1949 779//779
f 1194//1194 1441//1441 1115//1115
f 1001//1001 1000//1000 968//968
f 756//756 678//678 1745//1745
f 963//963 1009//1009 901//901
f 2471//2471 2084//2084 2472//2472
f 841//841 642//642 8//8
f 982//982 991//991 1027//1027
f 670//670 844//844 1020//1020
f 1289//1289 1514//1514 945//945
f 869//869 904//904 890//890
f 1161//1161 1115//1115 1639//1639
f 823//823 2178//2178 849//849
f 746//746 12//12 499//499
f 263//263 428//428 2366//2366
f 1685//1685 1075//1075 1692//1692
f 1002//1002 926//926 806//806
f 1799//1799 1755//1755 216//216
f 944//944 968//968 993//993
f 943//943 944//944 993//993
f 31//31 38//38 19//19
f 531//531 828//828 550//550
f 1501//1501 1078//1078 1081//1081
f 1921//1921 1149//1149 431//431
f 936//936 943//943 932//932
f 1660//1660 1489//1489 1412//1412
f 301//301 980//980 285//285
f 903//903 918//918 902//902
f 869//869 890//890 868//868
f 890//890 903//903 867//867
f 1003//1003 746//746 499//499
f 951//951 1949//1949 2500//2500
f 990//990 841//841 853//853
f 1595//1595 1634//1634 1611//1611
f 374//374 927//927 974//974
f 836//836 1025//1025 247//247
f 1653//1653 1652//1652 1638//1638
f 1303//1303 1545//1545 1142//1142
f 1616//1616 1631//1631 1638//1638
f 1629//1629 1546//1546 1628//1628
f 936//936 932//932 913//913
f 513//513 506//506 531//531
f 868//868 890//890 867//867
f 2330//2330 2369//2369 2353//2353
f 924//924 918//918 914//914
f 907//907 914//914 904//904
f 1258//1258 1421//1421 1267//1267
f 301//301 939//939 980//980
f 1472//1472 1482//1482 1296//1296
f 868//868 867//867 859//859
f 472//472 491//491 313//313
f 272//272 519//519 2488//2488
f 1471//1471 1472//1472 1296//1296
f 1025//1025 934//934 247//247
f 1634//1634 1633//1633 1611//1611
f 2176//2176 1847//1847 2177//2177
f 1310//1310 1289//1289 806//806
f 924//924 933//933 918//918
f 1969//1969 1968//1968 902//902
f 2107//2107 2128//2128 2118//2118
f 1428//1428 1436//1436 1287//1287
f 1139//1139 1564//1564 1617//1617
f 2378//2378 572//572 2384//2384
f 853//853 841//841 8//8
f 2501//2501 961//961 2465//2465
f 1221//1221 1240//1240 1408//1408
f 1069//1069 1578//1578 1627//1627
f 1006//1006 1005//1005 1001//1001
f 1617//1617 1564//1564 1578//1578
f 828//828 539//539 550//550
f 1791//1791 2168//2168 2160//2160
f 1829//1829 1718//1718 1739//1739
f 1968//1968 1939//1939 902//902
f 756//756 1718//1718 665//665
f 1998//1998 2000//2000 1388//1388
f 2451//2451 545//545 2356//2356
f 178//178 997//997 1011//1011
f 1275//1275 325//325 1270//1270
f 1709//1709 872//872 1666//1666
f 2176//2176 1959//1959 1847//1847
f 944//944 943//943 936//936
f 2424//2424 518//518 511//511
f 1445//1445 1067//1067 962//962
f 2007//2007 952//952 1828//1828
f 2052//2052 2061//2061 2081//2081
f 828//828 2303//2303 539//539
f 835//835 1699//1699 1048//1048
f 1709//1709 1706//1706 872//872
f 885//885 574//574 963//963
f 1318//1318 1296//1296 1320//1320
f 859//859 867//867 1902//1902
f 1452//1452 1448//1448 1421//1421
f 943//943 993//993 976//976
f 993//993 1000//1000 983//983
f 854//854 1010//1010 876//876
f 988//988 986//986 962//962
f 2031//2031 2052//2052 2081//2081
f 924//924 1732//1732 1828//1828
f 965//965 949//949 1060//1060
f 781//781 228//228 734//734
f 1718//1718 1765//1765 665//665
f 943//943 976//976 932//932
f 1680//1680 1794//1794 1783//1783
f 1448//1448 1471//1471 1276//1276
f 1276//1276 1267//1267 1421//1421
f 1931//1931 914//914 907//907
f 991//991 781//781 996//996
f 1276//1276 1421//1421 1448//1448
f 10//10 909//909 1396//1396
f 831//831 860//860 849//849
f 1523//1523 1762//1762 1774//1774
f 924//924 1828//1828 937//937
f 307//307 994//994 1014//1014
f 946//946 963//963 901//901
f 978//978 2103//2103 977//977
f 977//977 1006//1006 1001//1001
f 1007//1007 1161//1161 1639//1639
f 1639//1639 1294//1294 1437//1437
f 885//885 1032//1032 574//574
f 1294//1294 1381//1381 1437//1437
f 733//733 568//568 797//797
f 792//792 229//229 1112//1112
f 119//119 581//581 108//108
f 843//843 835//835 927//927
f 1889//1889 860//860 831//831
f 2211//2211 2216//2216 2204//2204
f 2400//2400 2431//2431 2422//2422
f 2103//2103 1006//1006 977//977
f 840//840 1902//1902 830//830
f 827//827 840//840 830//830
f 827//827 830//830 822//822
f 1003//1003 874//874 2492//2492
f 1432//1432 1439//1439 1431//1431
f 781//781 734//734 964//964
f 1937//1937 1936//1936 1723//1723
f 918//918 913//913 902//902
f 958//958 977//977 944//944
f 1850//1850 2178//2178 2177//2177
f 1005//1005 1020//1020 1000//1000
f 991//991 996//996 307//307
f 1396//1396 1445//1445 340//340
f 2179//2179 1763//1763 889//889
f 939//939 909//909 980//980
f 1828//1828 958//958 937//937
f 978//978 977//977 958//958
f 1590//1590 1571//1571 1563//1563
f 779//779 1949//1949 920//920
f 1551//1551 1362//1362 1573//1573
f 2103//2103 2142//2142 1006//1006
f 920//920 885//885 963//963
f 946//946 920//920 963//963
f 1584//1584 1616//1616 1583//1583
f 1453//1453 1472//1472 1452//1452
f 1647//1647 1617//1617 1578//1578
f 1578//1578 1564//1564 1627//1627
f 1628//1628 938//938 1069//1069
f 869//869 868//868 859//859
f 993//993 983//983 976//976
f 912//912 1762//1762 1775//1775
f 752//752 751//751 706//706
f 1628//1628 1546//1546 938//938
f 844//844 228//228 781//781
f 840//840 859//859 1902//1902
f 898//898 907//907 904//904
f 1025//1025 973//973 1009//1009
f 663//663 664//664 573//573
f 763//763 946//946 901//901
f 898//898 904//904 869//869
f 2172//2172 889//889 1763//1763
f 1128//1128 926//926 971//971
f 860//860 848//848 849//849
f 904//904 903//903 890//890
f 2486//2486 2459//2459 2479//2479
f 577//577 782//782 608//608
f 933//933 936//936 918//918
f 2177//2177 1847//1847 1851//1851
f 665//665 1765//1765 339//339
f 937//937 958//958 944//944
f 894//894 981//981 724//724
f 968//968 1000//1000 993//993
f 2192//2192 2195//2195 2205//2205
f 1652//1652 1099//1099 817//817
f 997//997 608//608 1011//1011
f 997//997 577//577 608//608
f 577//577 163//163 782//782
f 1112//1112 998//998 792//792
f 2177//2177 1851//1851 1850//1850
f 1257//1257 1421//1421 1258//1258
f 951//951 873//873 920//920
f 822//822 830//830 2215//2215
f 1899//1899 2496//2496 2471//2471
f 1773//1773 1668//1668 1558//1558
f 904//904 914//914 903//903
f 932//932 1671//1671 913//913
f 873//873 885//885 920//920
f 1013//1013 1617//1617 1647//1647
f 873//873 1032//1032 885//885
f 894//894 862//862 981//981
f 2469//2469 855//855 961//961
f 913//913 1671//1671 1969//1969
f 2477//2477 2064//2064 855//855
f 918//918 936//936 913//913
f 860//860 870//870 848//848
f 937//937 944//944 933//933
f 1501//1501 1013//1013 1647//1647
f 824//824 178//178 751//751
f 824//824 997//997 178//178
f 824//824 577//577 997//997
f 643//643 163//163 577//577
f 863//863 856//856 882//882
f 2128//2128 2153//2153 2134//2134
f 722//722 774//774 880//880
f 722//722 894//894 774//774
f 864//864 905//905 895//895
f 850//850 575//575 583//583
f 914//914 918//918 903//903
f 924//924 937//937 933//933
f 1501//1501 717//717 1013//1013
f 1587//1587 1324//1324 928//928
f 717//717 1512//1512 1013//1013
f 602//602 577//577 824//824
f 766//766 643//643 577//577
f 894//894 709//709 862//862
f 709//709 878//878 862//862
f 976//976 975//975 932//932
f 1324//1324 1596//1596 928//928
f 880//880 524//524 1060//1060
f 2434//2434 2459//2459 2499//2499
f 1324//1324 1613//1613 1596//1596
f 752//752 824//824 751//751
f 602//602 766//766 577//577
f 1014//1014 602//602 594//594
f 1387//1387 1226//1226 2152//2152
f 2153//2153 1387//1387 2152//2152
f 669//669 930//930 950//950
f 1710//1710 1694//1694 1699//1699
f 768//768 326//326 762//762
f 582//582 892//892 601//601
f 974//974 990//990 2465//2465
f 624//624 116//116 625//625
f 835//835 795//795 730//730
f 2458//2458 2484//2484 763//763
f 989//989 602//602 824//824
f 2064//2064 2477//2477 1710//1710
f 976//976 983//983 975//975
f 949//949 722//722 880//880
f 996//996 160//160 994//994
f 2305//2305 863//863 556//556
f 556//556 863//863 886//886
f 601//601 910//910 640//640
f 2264//2264 825//825 829//829
f 989//989 824//824 752//752
f 856//856 864//864 882//882
f 1595//1595 1586//1586 2381//2381
f 1627//1627 1629//1629 1628//1628
f 2174//2174 2180//2180 2173//2173
f 2128//2128 2134//2134 2118//2118
f 137//137 272//272 22//22
f 949//949 880//880 1060//1060
f 995//995 894//894 722//722
f 894//894 995//995 709//709
f 894//894 724//724 774//774
f 886//886 895//895 892//892
f 640//640 910//910 930//930
f 871//871 870//870 860//860
f 846//846 856//856 863//863
f 1026//1026 875//875 1019//1019
f 838//838 851//851 829//829
f 1024//1024 1171//1171 934//934
f 36//36 189//189 205//205
f 863//863 882//882 886//886
f 886//886 882//882 895//895
f 875//875 1026//1026 594//594
f 52//52 1459//1459 1269//1269
f 896//896 917//917 910//910
f 1025//1025 1009//1009 934//934
f 949//949 995//995 722//722
f 2152//2152 1226//1226 1636//1636
f 895//895 896//896 892//892
f 892//892 910//910 601//601
f 942//942 950//950 930//930
f 875//875 989//989 752//752
f 594//594 602//602 989//989
f 766//766 355//355 643//643
f 355//355 260//260 643//643
f 905//905 917//917 896//896
f 965//965 1060//1060 1162//1162
f 892//892 896//896 910//910
f 1101//1101 1052//1052 1042//1042
f 1029//1029 1031//1031 834//834
f 1101//1101 1133//1133 1118//1118
f 342//342 357//357 376//376
f 516//516 515//515 2454//2454
f 1656//1656 2494//2494 2467//2467
f 1056//1056 1303//1303 1133//1133
f 1120//1120 1130//1130 862//862
f 69//69 342//342 376//376
f 1055//1055 1056//1056 1133//1133
f 499//499 69//69 165//165
f 85//85 101//101 111//111
f 1031//1031 1032//1032 834//834
f 200//200 679//679 1166//1166
f 1031//1031 1042//1042 1032//1032
f 1171//1171 65//65 934//934
f 1822//1822 1204//1204 1177//1177
f 1096//1096 956//956 1103//1103
f 514//514 96//96 97//97
f 956//956 1145//1145 1144//1144
f 1185//1185 1166//1166 1144//1144
f 1145//1145 1185//1185 1144//1144
f 1185//1185 200//200 1166//1166
f 375//375 132//132 1041//1041
f 1153//1153 1202//1202 305//305
f 32//32 1244//1244 1249//1249
f 1096//1096 1087//1087 956//956
f 554//554 78//78 2355//2355
f 1191//1191 138//138 110//110
f 65//65 35//35 432//432
f 1087//1087 1110//1110 956//956
f 1110//1110 1146//1146 956//956
f 956//956 1146//1146 1145//1145
f 1146//1146 1156//1156 1145//1145
f 1145//1145 1156//1156 1185//1185
f 950//950 956//956 1144//1144
f 2481//2481 2495//2495 948//948
f 1156//1156 1193//1193 1185//1185
f 1050//1050 1047//1047 1051//1051
f 239//239 151//151 107//107
f 1185//1185 1193//1193 36//36
f 1747//1747 1110//1110 1087//1087
f 1134//1134 1146//1146 1110//1110
f 1146//1146 1157//1157 1156//1156
f 1156//1156 1157//1157 1193//1193
f 1041//1041 1045//1045 1034//1034
f 1397//1397 1134//1134 1110//1110
f 1157//1157 1146//1146 1134//1134
f 1157//1157 1175//1175 1193//1193
f 1193//1193 199//199 36//36
f 1090//1090 1035//1035 1196//1196
f 1456//1456 1150//1150 1051//1051
f 1175//1175 199//199 1193//1193
f 1186//1186 695//695 199//199
f 1186//1186 199//199 1175//1175
f 1175//1175 1157//1157 1134//1134
f 728//728 1186//1186 1175//1175
f 197//197 760//760 6//6
f 1130//1130 593//593 862//862
f 1167//1167 1109//1109 182//182
f 1194//1194 1115//1115 1161//1161
f 2140//2140 1928//1928 1504//1504
f 921//921 922//922 2138//2138
f 1147//1147 1134//1134 1397//1397
f 1719//1719 1147//1147 1397//1397
f 1147//1147 1175//1175 1134//1134
f 1175//1175 1147//1147 728//728
f 341//341 1654//1654 1208//1208
f 754//754 151//151 9//9
f 284//284 2138//2138 1058//1058
f 1188//1188 1557//1557 1660//1660
f 1191//1191 110//110 1053//1053
f 916//916 284//284 1189//1189
f 284//284 1058//1058 1189//1189
f 2094//2094 1465//1465 2127//2127
f 1726//1726 1019//1019 1147//1147
f 1147//1147 1019//1019 728//728
f 593//593 1130//1130 96//96
f 239//239 305//305 1038//1038
f 1036//1036 1131//1131 315//315
f 397//397 1131//1131 1120//1120
f 1053//1053 96//96 1130//1130
f 2467//2467 2485//2485 1869//1869
f 517//517 1089//1089 421//421
f 834//834 1827//1827 1029//1029
f 419//419 1047//1047 1117//1117
f 1034//1034 433//433 1306//1306
f 2239//2239 1862//1862 1730//1730
f 1453//1453 1462//1462 1472//1472
f 1408//1408 1422//1422 1399//1399
f 471//471 23//23 1111//1111
f 1205//1205 1150//1150 1456//1456
f 1205//1205 1040//1040 1150//1150
f 1131//1131 1036//1036 293//293
f 293//293 1068//1068 1044//1044
f 375//375 1041//1041 138//138
f 1205//1205 1140//1140 1046//1046
f 1040//1040 1205//1205 1046//1046
f 1140//1140 1167//1167 1046//1046
f 1104//1104 1049//1049 83//83
f 1052//1052 1085//1085 1032//1032
f 1044//1044 1068//1068 1191//1191
f 1167//1167 1483//1483 1109//1109
f 208//208 1084//1084 1035//1035
f 1040//1040 132//132 375//375
f 1834//1834 20//20 3//3
f 1050//1050 1051//1051 1070//1070
f 1133//1133 1125//1125 1174//1174
f 11//11 1440//1440 1401//1401
f 420//420 208//208 1071//1071
f 1135//1135 1079//1079 1094//1094
f 1086//1086 1101//1101 1118//1118
f 1029//1029 1030//1030 1031//1031
f 1200//1200 1061//1061 294//294
f 1191//1191 1068//1068 138//138
f 1171//1171 1141//1141 65//65
f 1141//1141 1172//1172 65//65
f 1172//1172 35//35 65//65
f 1172//1172 404//404 35//35
f 404//404 99//99 35//35
f 221//221 1104//1104 1063//1063
f 802//802 398//398 1083//1083
f 20//20 1089//1089 3//3
f 2064//2064 1699//1699 835//835
f 1042//1042 1052//1052 1032//1032
f 1433//1433 1261//1261 1432//1432
f 1323//1323 2338//2338 155//155
f 1076//1076 1205//1205 1456//1456
f 1088//1088 1402//1402 1056//1056
f 1150//1150 348//348 1070//1070
f 1200//1200 1089//1089 20//20
f 1097//1097 1162//1162 100//100
f 1032//1032 873//873 834//834
f 21//21 471//471 1111//1111
f 294//294 1097//1097 1104//1104
f 1072//1072 100//100 584//584
f 1151//1151 760//760 622//622
f 132//132 1045//1045 1041//1041
f 1050//1050 1070//1070 1135//1135
f 1088//1088 1039//1039 940//940
f 650//650 159//159 635//635
f 100//100 1170//1170 729//729
f 729//729 584//584 100//100
f 1103//1103 931//931 1096//1096
f 925//925 1443//1443 1513//1513
f 138//138 1102//1102 110//110
f 1034//1034 1306//1306 1152//1152
f 1071//1071 1035//1035 1090//1090
f 100//100 1072//1072 1097//1097
f 23//23 1158//1158 315//315
f 1068//1068 375//375 138//138
f 1586//1586 1612//1612 1585//1585
f 1819//1819 1030//1030 1029//1029
f 1041//1041 1034//1034 1102//1102
f 232//232 375//375 1068//1068
f 348//348 1079//1079 1070//1070
f 1061//1061 1097//1097 294//294
f 1513//1513 1443//1443 1442//1442
f 1200//1200 294//294 1119//1119
f 376//376 1050//1050 1062//1062
f 1094//1094 1036//1036 315//315
f 1200//1200 1119//1119 1089//1089
f 1111//1111 1183//1183 21//21
f 1044//1044 1191//1191 1053//1053
f 698//698 295//295 689//689
f 1079//1079 232//232 1036//1036
f 404//404 1117//1117 99//99
f 1495//1495 1496//1496 717//717
f 1119//1119 294//294 98//98
f 3//3 1089//1089 517//517
f 1132//1132 1063//1063 83//83
f 1132//1132 83//83 175//175
f 132//132 1046//1046 182//182
f 1111//1111 1195//1195 1183//1183
f 1131//1131 1044//1044 1037//1037
f 127//127 402//402 1804//1804
f 219//219 1272//1272 1047//1047
f 1697//1697 1135//1135 1094//1094
f 2140//2140 1854//1854 2117//2117
f 1111//1111 397//397 1195//1195
f 1177//1177 1162//1162 1097//1097
f 1061//1061 1177//1177 1097//1097
f 717//717 1509//1509 714//714
f 2//2 1300//1300 433//433
f 462//462 290//290 461//461
f 98//98 294//294 221//221
f 294//294 1104//1104 221//221
f 714//714 1161//1161 1007//1007
f 1073//1073 1152//1152 1143//1143
f 1697//1697 1094//1094 1360//1360
f 1223//1223 1423//1423 1218//1218
f 836//836 2479//2479 842//842
f 1097//1097 1072//1072 1049//1049
f 348//348 1040//1040 375//375
f 3//3 517//517 316//316
f 180//180 1061//1061 1201//1201
f 348//348 375//375 232//232
f 1432//1432 1431//1431 1415//1415
f 220//220 1513//1513 1495//1495
f 1104//1104 1097//1097 1049//1049
f 306//306 674//674 596//596
f 777//777 455//455 723//723
f 2170//2170 2151//2151 1641//1641
f 1047//1047 419//419 219//219
f 1102//1102 1034//1034 1073//1073
f 1073//1073 1034//1034 1152//1152
f 1035//1035 1054//1054 1196//1196
f 1177//1177 1204//1204 1162//1162
f 746//746 65//65 12//12
f 751//751 178//178 721//721
f 1054//1054 517//517 421//421
f 1051//1051 1150//1150 1070//1070
f 1102//1102 1073//1073 110//110
f 998//998 1136//1136 355//355
f 567//567 566//566 1163//1163
f 1111//1111 315//315 397//397
f 1048//1048 1074//1074 835//835
f 1158//1158 1094//1094 315//315
f 1374//1374 1107//1107 1252//1252
f 1112//1112 1136//1136 998//998
f 472//472 629//629 500//500
f 355//355 1136//1136 260//260
f 260//260 118//118 43//43
f 1104//1104 83//83 1063//1063
f 376//376 357//357 1050//1050
f 1463//1463 1142//1142 1545//1545
f 1036//1036 232//232 293//293
f 1030//1030 1042//1042 1031//1031
f 1079//1079 348//348 232//232
f 221//221 1063//1063 1132//1132
f 1094//1094 1079//1079 1036//1036
f 1076//1076 1629//1629 1205//1205
f 1136//1136 1197//1197 260//260
f 260//260 1197//1197 118//118
f 1204//1204 965//965 1162//1162
f 293//293 232//232 1068//1068
f 1590//1590 1205//1205 1629//1629
f 1205//1205 1590//1590 1140//1140
f 250//250 382//382 392//392
f 1296//1296 1318//1318 1311//1311
f 347//347 1201//1201 20//20
f 1201//1201 1200//1200 20//20
f 132//132 182//182 1045//1045
f 1101//1101 1086//1086 1052//1052
f 1033//1033 1039//1039 1055//1055
f 138//138 1041//1041 1102//1102
f 970//970 1010//1010 2495//2495
f 455//455 777//777 43//43
f 1992//1992 1948//1948 2023//2023
f 20//20 1834//1834 347//347
f 1072//1072 584//584 1049//1049
f 584//584 1192//1192 1049//1049
f 182//182 2//2 1045//1045
f 1163//1163 324//324 44//44
f 1360//1360 1094//1094 1158//1158
f 1450//1450 1360//1360 1158//1158
f 1091//1091 1112//1112 229//229
f 509//509 723//723 455//455
f 207//207 509//509 455//455
f 1251//1251 1257//1257 1266//1266
f 1488//1488 1489//1489 1547//1547
f 2157//2157 1541//1541 1875//1875
f 305//305 107//107 324//324
f 1045//1045 2//2 433//433
f 1070//1070 1079//1079 1135//1135
f 1136//1136 1168//1168 1197//1197
f 1197//1197 359//359 118//118
f 118//118 359//359 43//43
f 359//359 356//356 43//43
f 356//356 455//455 43//43
f 356//356 207//207 455//455
f 1240//1240 1422//1422 1408//1408
f 1163//1163 1153//1153 324//324
f 1201//1201 1061//1061 1200//1200
f 1052//1052 1086//1086 1085//1085
f 1024//1024 1141//1141 1171//1171
f 1112//1112 1105//1105 1136//1136
f 1050//1050 1135//1135 1062//1062
f 1105//1105 1168//1168 1136//1136
f 1168//1168 1178//1178 1197//1197
f 1197//1197 1178//1178 359//359
f 1173//1173 404//404 1172//1172
f 465//465 356//356 359//359
f 1174//1174 1125//1125 240//240
f 1240//1240 1431//1431 1422//1422
f 1098//1098 1113//1113 1105//1105
f 1112//1112 1098//1098 1105//1105
f 1105//1105 1178//1178 1168//1168
f 1178//1178 465//465 359//359
f 1091//1091 1098//1098 1112//1112
f 1133//1133 1174//1174 1118//1118
f 98//98 221//221 1059//1059
f 487//487 1132//1132 175//175
f 980//980 1017//1017 285//285
f 465//465 207//207 356//356
f 180//180 1201//1201 347//347
f 1060//1060 524//524 1170//1170
f 445//445 127//127 316//316
f 1431//1431 1438//1438 1422//1422
f 498//498 469//469 681//681
f 940//940 1807//1807 1759//1759
f 381//381 250//250 1290//1290
f 1113//1113 1122//1122 1105//1105
f 1105//1105 1122//1122 1178//1178
f 1151//1151 509//509 207//207
f 1236//1236 2035//2035 525//525
f 1131//1131 293//293 1044//1044
f 346//346 207//207 465//465
f 346//346 1151//1151 207//207
f 1822//1822 1796//1796 1204//1204
f 1143//1143 204//204 97//97
f 123//123 1128//1128 971//971
f 2153//2153 2152//2152 2134//2134
f 126//126 1151//1151 346//346
f 517//517 445//445 316//316
f 1450//1450 1158//1158 23//23
f 1458//1458 1462//1462 1430//1430
f 1129//1129 152//152 1182//1182
f 1122//1122 1159//1159 1178//1178
f 1178//1178 1198//1198 465//465
f 79//79 346//346 465//465
f 126//126 1155//1155 1151//1151
f 1151//1151 1155//1155 6//6
f 295//295 1129//1129 689//689
f 1073//1073 1143//1143 97//97
f 1098//1098 1123//1123 1113//1113
f 1113//1113 1123//1123 1122//1122
f 1123//1123 1169//1169 1122//1122
f 1178//1178 1159//1159 1198//1198
f 1198//1198 79//79 465//465
f 392//392 383//383 152//152
f 1822//1822 1061//1061 180//180
f 116//116 92//92 625//625
f 421//421 1089//1089 1119//1119
f 1129//1129 295//295 152//152
f 110//110 1073//1073 97//97
f 1173//1173 1172//1172 1141//1141
f 1122//1122 1169//1169 1159//1159
f 79//79 126//126 346//346
f 1155//1155 181//181 6//6
f 971//971 926//926 1002//1002
f 295//295 1043//1043 152//152
f 1039//1039 1088//1088 1056//1056
f 1428//1428 1266//1266 1436//1436
f 404//404 419//419 1117//1117
f 836//836 879//879 2479//2479
f 2464//2464 2476//2476 2458//2458
f 1198//1198 317//317 79//79
f 1124//1124 939//939 301//301
f 44//44 754//754 567//567
f 1039//1039 1056//1056 1055//1055
f 1439//1439 1459//1459 1458//1458
f 1660//1660 1412//1412 986//986
f 1169//1169 1160//1160 1159//1159
f 179//179 1155//1155 126//126
f 1155//1155 131//131 181//181
f 1061//1061 1822//1822 1177//1177
f 1153//1153 305//305 324//324
f 175//175 314//314 327//327
f 1160//1160 1187//1187 1159//1159
f 1159//1159 1187//1187 1198//1198
f 1198//1198 1187//1187 317//317
f 79//79 179//179 126//126
f 1043//1043 250//250 392//392
f 152//152 1043//1043 392//392
f 96//96 819//819 593//593
f 1123//1123 1127//1127 1169//1169
f 317//317 179//179 79//79
f 1057//1057 1155//1155 179//179
f 1155//1155 391//391 131//131
f 131//131 391//391 668//668
f 2381//2381 1586//1586 1585//1585
f 12//12 69//69 499//499
f 262//262 398//398 1640//1640
f 2107//2107 2118//2118 2060//2060
f 2130//2130 2094//2094 2002//2002
f 1187//1187 249//249 317//317
f 1155//1155 1057//1057 391//391
f 1290//1290 439//439 1265//1265
f 305//305 239//239 107//107
f 1127//1127 1160//1160 1169//1169
f 317//317 473//473 179//179
f 473//473 1057//1057 179//179
f 83//83 1192//1192 314//314
f 1043//1043 1290//1290 250//250
f 1807//1807 940//940 1030//1030
f 517//517 1084//1084 445//445
f 1057//1057 1164//1164 391//391
f 2492//2492 2480//2480 2493//2493
f 163//163 643//643 43//43
f 1056//1056 1545//1545 1303//1303
f 1069//1069 1655//1655 1023//1023
f 249//249 473//473 317//317
f 1162//1162 1060//1060 1170//1170
f 1086//1086 1118//1118 1154//1154
f 82//82 68//68 16//16
f 1989//1989 1990//1990 1536//1536
f 1633//1633 1632//1632 1611//1611
f 1487//1487 2372//2372 1305//1305
f 1494//1494 1069//1069 1023//1023
f 1137//1137 1160//1160 1127//1127
f 669//669 1166//1166 679//679
f 390//390 1285//1285 426//426
f 1955//1955 1972//1972 1971//1971
f 1219//1219 1223//1223 2437//2437
f 1254//1254 1261//1261 1223//1223
f 1319//1319 1545//1545 1056//1056
f 1320//1320 1328//1328 2443//2443
f 1261//1261 1433//1433 1223//1223
f 1219//1219 1254//1254 1223//1223
f 254//254 222//222 2428//2428
f 1237//1237 1290//1290 1265//1265
f 1284//1284 1273//1273 1263//1263
f 1277//1277 1291//1291 1301//1301
f 1314//1314 102//102 1301//1301
f 1280//1280 363//363 377//377
f 1313//1313 1353//1353 1514//1514
f 468//468 451//451 439//439
f 1918//1918 1964//1964 1956//1956
f 2026//2026 29//29 2140//2140
f 1354//1354 381//381 1279//1279
f 1224//1224 30//30 1254//1254
f 147//147 158//158 173//173
f 1247//1247 1253//1253 274//274
f 1271//1271 380//380 334//334
f 2043//2043 2072//2072 2042//2042
f 274//274 300//300 267//267
f 1356//1356 1392//1392 211//211
f 13//13 240//240 1142//1142
f 1382//1382 1330//1330 1392//1392
f 1312//1312 1323//1323 155//155
f 240//240 1125//1125 1142//1142
f 2358//2358 1573//1573 1362//1362
f 1236//1236 1249//1249 1244//1244
f 1272//1272 219//219 1348//1348
f 1271//1271 1274//1274 380//380
f 191//191 2034//2034 1982//1982
f 1992//1992 2052//2052 1990//1990
f 462//462 452//452 689//689
f 2262//2262 2286//2286 2261//2261
f 183//183 489//489 1642//1642
f 2485//2485 2480//2480 1869//1869
f 84//84 111//111 1323//1323
f 1190//1190 353//353 1354//1354
f 446//446 434//434 435//435
f 1336//1336 171//171 1341//1341
f 2021//2021 430//430 2059//2059
f 862//862 878//878 1120//1120
f 1263//1263 1273//1273 1248//1248
f 1966//1966 1921//1921 2144//2144
f 1312//1312 84//84 1323//1323
f 240//240 13//13 1348//1348
f 1359//1359 1274//1274 1271//1271
f 1392//1392 1330//1330 1247//1247
f 1520//1520 1333//1333 11//11
f 1368//1368 1253//1253 1247//1247
f 1279//1279 1285//1285 1190//1190
f 2465//2465 990//990 2489//2489
f 1272//1272 1519//1519 805//805
f 1369//1369 1272//1272 805//805
f 1317//1317 95//95 1344//1344
f 1242//1242 1248//1248 1234//1234
f 1368//1368 242//242 1363//1363
f 274//274 1262//1262 1386//1386
f 532//532 597//597 1886//1886
f 2117//2117 2026//2026 2140//2140
f 1392//1392 1247//1247 274//274
f 2162//2162 508//508 985//985
f 1964//1964 1469//1469 1965//1965
f 1315//1315 104//104 1331//1331
f 1392//1392 1356//1356 1382//1382
f 128//128 1342//1342 1336//1336
f 1285//1285 427//427 426//426
f 1219//1219 1224//1224 1254//1254
f 1320//1320 1322//1322 1321//1321
f 1320//1320 1321//1321 1328//1328
f 153//153 2443//2443 1328//1328
f 1321//1321 153//153 1328//1328
f 1235//1235 1244//1244 1243//1243
f 1225//1225 1224//1224 1219//1219
f 1359//1359 353//353 1190//1190
f 1312//1312 1473//1473 1458//1458
f 1336//1336 1342//1342 147//147
f 305//305 1333//1333 1038//1038
f 1336//1336 147//147 171//171
f 516//516 31//31 19//19
f 2479//2479 2461//2461 842//842
f 1237//1237 1265//1265 427//427
f 1263//1263 1278//1278 1284//1284
f 881//881 1827//1827 834//834
f 1237//1237 427//427 1285//1285
f 1299//1299 1312//1312 1458//1458
f 1190//1190 1285//1285 1274//1274
f 1363//1363 286//286 1253//1253
f 2330//2330 2303//2303 828//828
f 427//427 442//442 426//426
f 2493//2493 2463//2463 2492//2492
f 1285//1285 380//380 1274//1274
f 522//522 18//18 1225//1225
f 2471//2471 2472//2472 2488//2488
f 2338//2338 154//154 1321//1321
f 1423//1423 1415//1415 1218//1218
f 1225//1225 18//18 1224//1224
f 1253//1253 286//286 1262//1262
f 286//286 353//353 1359//1359
f 171//171 1368//1368 1383//1383
f 1273//1273 54//54 1234//1234
f 1973//1973 2447//2447 527//527
f 1322//1322 155//155 1321//1321
f 1203//1203 1369//1369 1413//1413
f 1307//1307 363//363 1298//1298
f 1364//1364 1375//1375 1329//1329
f 1329//1329 227//227 1306//1306
f 296//296 1298//1298 1343//1343
f 947//947 2499//2499 1447//1447
f 1203//1203 1047//1047 1272//1272
f 1098//1098 1748//1748 1123//1123
f 1519//1519 1272//1272 1348//1348
f 1277//1277 70//70 1273//1273
f 1282//1282 1337//1337 1361//1361
f 286//286 302//302 353//353
f 103//103 104//104 1315//1315
f 1377//1377 435//435 434//434
f 1449//1449 1261//1261 1345//1345
f 926//926 1310//1310 806//806
f 1263//1263 1248//1248 1242//1242
f 985//985 508//508 597//597
f 1415//1415 1222//1222 1218//1218
f 88//88 1325//1325 104//104
f 170//170 111//111 156//156
f 1384//1384 1282//1282 1361//1361
f 274//274 1253//1253 1262//1262
f 1371//1371 1317//1317 1344//1344
f 1371//1371 1366//1366 1337//1337
f 1345//1345 1459//1459 1449//1449
f 171//171 1383//1383 1341//1341
f 2438//2438 1235//1235 1227//1227
f 2134//2134 1582//1582 2118//2118
f 428//428 1260//1260 1379//1379
f 1336//1336 1341//1341 1325//1325
f 1235//1235 1242//1242 1227//1227
f 1228//1228 1687//1687 2284//2284
f 1854//1854 2140//2140 2016//2016
f 1866//1866 1887//1887 1873//1873
f 1343//1343 1298//1298 1370//1370
f 1384//1384 1361//1361 2440//2440
f 171//171 242//242 1368//1368
f 1344//1344 1309//1309 1366//1366
f 1371//1371 1344//1344 1366//1366
f 1280//1280 1377//1377 1293//1293
f 200//200 1185//1185 205//205
f 1330//1330 1383//1383 1368//1368
f 1255//1255 1264//1264 1263//1263
f 543//543 1367//1367 1876//1876
f 1343//1343 1370//1370 1260//1260
f 1293//1293 1326//1326 1370//1370
f 2440//2440 1361//1361 1302//1302
f 1282//1282 1384//1384 2406//2406
f 271//271 1337//1337 1282//1282
f 170//170 2338//2338 1323//1323
f 1528//1528 1503//1503 2470//2470
f 515//515 1347//1347 2453//2453
f 1997//1997 1705//1705 1998//1998
f 2285//2285 1228//1228 2284//2284
f 1229//1229 1250//1250 1228//1228
f 1330//1330 1368//1368 1247//1247
f 1919//1919 1619//1619 2045//2045
f 1344//1344 1364//1364 1335//1335
f 1222//1222 1240//1240 1221//1221
f 1212//1212 858//858 1741//1741
f 2388//2388 1222//1222 1221//1221
f 1528//1528 2470//2470 2068//2068
f 501//501 1308//1308 2171//2171
f 1295//1295 1311//1311 1487//1487
f 2116//2116 1619//1619 1655//1655
f 1220//1220 1229//1229 1228//1228
f 8//8 663//663 573//573
f 1343//1343 1260//1260 428//428
f 1337//1337 1366//1366 1361//1361
f 1298//1298 1280//1280 1293//1293
f 1269//1269 1345//1345 1261//1261
f 1279//1279 381//381 1290//1290
f 1230//1230 1229//1229 1220//1220
f 1230//1230 1245//1245 1229//1229
f 1245//1245 1250//1250 1229//1229
f 1227//1227 1234//1234 31//31
f 1302//1302 1361//1361 1350//1350
f 1245//1245 1266//1266 1428//1428
f 1992//1992 2023//2023 2052//2052
f 2482//2482 2471//2471 2475//2475
f 452//452 462//462 461//461
f 271//271 1282//1282 1275//1275
f 1991//1991 1989//1989 1934//1934
f 1366//1366 1309//1309 1350//1350
f 1344//1344 1335//1335 1309//1309
f 730//730 699//699 974//974
f 1374//1374 1252//1252 1208//1208
f 597//597 508//508 1912//1912
f 1363//1363 1253//1253 1368//1368
f 1386//1386 1271//1271 300//300
f 1211//1211 1218//1218 1222//1222
f 1376//1376 1377//1377 434//434
f 2399//2399 2437//2437 1211//1211
f 1284//1284 1291//1291 1277//1277
f 1230//1230 1251//1251 1245//1245
f 1251//1251 1266//1266 1245//1245
f 1317//1317 1371//1371 1337//1337
f 1288//1288 1286//1286 1095//1095
f 1095//1095 1286//1286 1352//1352
f 1241//1241 1208//1208 1352//1352
f 1241//1241 1374//1374 1208//1208
f 1284//1284 1278//1278 1291//1291
f 211//211 1392//1392 267//267
f 1344//1344 1375//1375 1364//1364
f 929//929 583//583 1028//1028
f 1361//1361 1366//1366 1350//1350
f 1115//1115 1294//1294 1639//1639
f 1291//1291 103//103 1301//1301
f 1220//1220 1231//1231 1230//1230
f 1231//1231 1251//1251 1230//1230
f 1234//1234 1248//1248 1273//1273
f 1255//1255 55//55 1264//1264
f 1360//1360 1450//1450 1702//1702
f 363//363 1280//1280 1298//1298
f 1369//1369 1203//1203 1272//1272
f 1415//1415 1240//1240 1222//1222
f 1216//1216 1231//1231 1220//1220
f 1243//1243 1263//1263 1235//1235
f 1375//1375 227//227 1329//1329
f 1264//1264 1278//1278 1263//1263
f 855//855 899//899 961//961
f 1286//1286 1241//1241 1352//1352
f 2081//2081 2128//2128 2107//2107
f 1223//1223 1433//1433 1423//1423
f 1473//1473 1312//1312 155//155
f 154//154 153//153 1321//1321
f 1377//1377 1376//1376 1293//1293
f 1392//1392 274//274 267//267
f 334//334 300//300 1271//1271
f 1955//1955 1991//1991 1934//1934
f 1613//1613 1327//1327 1288//1288
f 1327//1327 1286//1286 1288//1288
f 1349//1349 1374//1374 1241//1241
f 2370//2370 2025//2025 2367//2367
f 1315//1315 1331//1331 133//133
f 434//434 446//446 1256//1256
f 1232//1232 1251//1251 1231//1231
f 1243//1243 1244//1244 1255//1255
f 1286//1286 1304//1304 1241//1241
f 1349//1349 1107//1107 1374//1374
f 1359//1359 1271//1271 1386//1386
f 1227//1227 516//516 2431//2431
f 219//219 240//240 1348//1348
f 1270//1270 271//271 1275//1275
f 1255//1255 1263//1263 1243//1243
f 2026//2026 1926//1926 29//29
f 1683//1683 2157//2157 1212//1212
f 1326//1326 1293//1293 1376//1376
f 1255//1255 32//32 55//55
f 104//104 1325//1325 1341//1341
f 519//519 2462//2462 2475//2475
f 2154//2154 2161//2161 2137//2137
f 1376//1376 434//434 1246//1246
f 1246//1246 434//434 1256//1256
f 1257//1257 1251//1251 1232//1232
f 1262//1262 1359//1359 1386//1386
f 2195//2195 2192//2192 2186//2186
f 1308//1308 534//534 1226//1226
f 2026//2026 2117//2117 544//544
f 1327//1327 1613//1613 1324//1324
f 1327//1327 1326//1326 1286//1286
f 1286//1286 1326//1326 1304//1304
f 104//104 1341//1341 1331//1331
f 774//774 524//524 880//880
f 837//837 1517//1517 534//534
f 1127//1127 1123//1123 1567//1567
f 1279//1279 1237//1237 1285//1285
f 1297//1297 1381//1381 1294//1294
f 1217//1217 1232//1232 1216//1216
f 1142//1142 1519//1519 13//13
f 1436//1436 1267//1267 1287//1287
f 1324//1324 1372//1372 1327//1327
f 1304//1304 1246//1246 1241//1241
f 1246//1246 1349//1349 1241//1241
f 1246//1246 1373//1373 1349//1349
f 286//286 1359//1359 1262//1262
f 1382//1382 1383//1383 1330//1330
f 1284//1284 1277//1277 1273//1273
f 489//489 1998//1998 1799//1799
f 1675//1675 1116//1116 1075//1075
f 106//106 1317//1317 1337//1337
f 1311//1311 1295//1295 1281//1281
f 1292//1292 1364//1364 1329//1329
f 1335//1335 1364//1364 1292//1292
f 1334//1334 1294//1294 1115//1115
f 1334//1334 1297//1297 1294//1294
f 1300//1300 1381//1381 1297//1297
f 973//973 842//842 2461//2461
f 1217//1217 1239//1239 1232//1232
f 1232//1232 1239//1239 1257//1257
f 1258//1258 1267//1267 1436//1436
f 1359//1359 1190//1190 1274//1274
f 1862//1862 1405//1405 1877//1877
f 1372//1372 1339//1339 1327//1327
f 1339//1339 1326//1326 1327//1327
f 1373//1373 1351//1351 1349//1349
f 1276//1276 1311//1311 1281//1281
f 1256//1256 2386//2386 1351//1351
f 2//2 1109//1109 1300//1300
f 482//482 1731//1731 520//520
f 803//803 1604//1604 2022//2022
f 1223//1223 1218//1218 1211//1211
f 1341//1341 1383//1383 1382//1382
f 1298//1298 1293//1293 1370//1370
f 1190//1190 1354//1354 1279//1279
f 1324//1324 2398//2398 1372//1372
f 1714//1714 1700//1700 2173//2173
f 183//183 2000//2000 489//489
f 1701//1701 1666//1666 192//192
f 1227//1227 1242//1242 1234//1234
f 1332//1332 1289//1289 1310//1310
f 1517//1517 2005//2005 2130//2130
f 1331//1331 1341//1341 1382//1382
f 525//525 1249//1249 1236//1236
f 23//23 1268//1268 1450//1450
f 1264//1264 1291//1291 1278//1278
f 1281//1281 1287//1287 1267//1267
f 1295//1295 1305//1305 1287//1287
f 1281//1281 1295//1295 1287//1287
f 1487//1487 1305//1305 1295//1295
f 1605//1605 2097//2097 2058//2058
f 1326//1326 1376//1376 1304//1304
f 1304//1304 1376//1376 1246//1246
f 1316//1316 1919//1919 1984//1984
f 2500//2500 1949//1949 2460//2460
f 1332//1332 1313//1313 1289//1289
f 2189//2189 2181//2181 2177//2177
f 1335//1335 1334//1334 1353//1353
f 1292//1292 1297//1297 1334//1334
f 1428//1428 1250//1250 1245//1245
f 969//969 958//958 952//952
f 1217//1217 1233//1233 1239//1239
f 1233//1233 1257//1257 1239//1239
f 1876//1876 1367//1367 1338//1338
f 1379//1379 1260//1260 1372//1372
f 1372//1372 1260//1260 1339//1339
f 1128//1128 1302//1302 1310//1310
f 1310//1310 1302//1302 1332//1332
f 1335//1335 1353//1353 1313//1313
f 1292//1292 1334//1334 1335//1335
f 1297//1297 1329//1329 1300//1300
f 1279//1279 1290//1290 1237//1237
f 1301//1301 103//103 1314//1314
f 70//70 1301//1301 102//102
f 23//23 1333//1333 1268//1268
f 380//380 1285//1285 390//390
f 772//772 325//325 1275//1275
f 1314//1314 103//103 1315//1315
f 2473//2473 2458//2458 2487//2487
f 1276//1276 1281//1281 1267//1267
f 1344//1344 95//95 1375//1375
f 2053//2053 1771//1771 1572//1572
f 1246//1246 1256//1256 1373//1373
f 1373//1373 1256//1256 1351//1351
f 1340//1340 1302//1302 1128//1128
f 1350//1350 1313//1313 1332//1332
f 1329//1329 1297//1297 1292//1292
f 2434//2434 2473//2473 2487//2487
f 106//106 1337//1337 271//271
f 23//23 471//471 1333//1333
f 622//622 723//723 509//509
f 1388//1388 1517//1517 2127//2127
f 1991//1991 1990//1990 1989//1989
f 183//183 1636//1636 1226//1226
f 2133//2133 1605//1605 2151//2151
f 1260//1260 1370//1370 1339//1339
f 1339//1339 1370//1370 1326//1326
f 867//867 1894//1894 1902//1902
f 390//390 426//426 412//412
f 1235//1235 1263//1263 1242//1242
f 1399//1399 1422//1422 1233//1233
f 305//305 11//11 1333//1333
f 1300//1300 1329//1329 1306//1306
f 1302//1302 1350//1350 1332//1332
f 1350//1350 1309//1309 1313//1313
f 1309//1309 1335//1335 1313//1313
f 2470//2470 2102//2102 1502//1502
f 1787//1787 1531//1531 1599//1599
f 1724//1724 1725//1725 1691//1691
f 1827//1827 1601//1601 1927//1927
f 1678//1678 1358//1358 1476//1476
f 1823//1823 1812//1812 1846//1846
f 1805//1805 1824//1824 1708//1708
f 1746//1746 1676//1676 1797//1797
f 325//325 2395//2395 429//429
f 1835//1835 1677//1677 1826//1826
f 1507//1507 1790//1790 1722//1722
f 1526//1526 1672//1672 858//858
f 158//158 147//147 1342//1342
f 1462//1462 1473//1473 1322//1322
f 1474//1474 1414//1414 1565//1565
f 1761//1761 1900//1900 1877//1877
f 940//940 1759//1759 1008//1008
f 1565//1565 1015//1015 1008//1008
f 1924//1924 1533//1533 1933//1933
f 1878//1878 826//826 830//830
f 1565//1565 1414//1414 1015//1015
f 1402//1402 1088//1088 1008//1008
f 1538//1538 1532//1532 1651//1651
f 1015//1015 1552//1552 1008//1008
f 1538//1538 1591//1591 1474//1474
f 1532//1532 1538//1538 1474//1474
f 1474//1474 1591//1591 1414//1414
f 1484//1484 1402//1402 1008//1008
f 1552//1552 1484//1484 1008//1008
f 1414//1414 1460//1460 1015//1015
f 1015//1015 1460//1460 1552//1552
f 806//806 1289//1289 945//945
f 1597//1597 1538//1538 1659//1659
f 1484//1484 1319//1319 1402//1402
f 1056//1056 1402//1402 1319//1319
f 1538//1538 1597//1597 1591//1591
f 1591//1591 960//960 1414//1414
f 1414//1414 960//960 1460//1460
f 1925//1925 1466//1466 1455//1455
f 1552//1552 1400//1400 1484//1484
f 1484//1484 1400//1400 1319//1319
f 1400//1400 113//113 1319//1319
f 1597//1597 1580//1580 1591//1591
f 1460//1460 1400//1400 1552//1552
f 1514//1514 1441//1441 966//966
f 1597//1597 1659//1659 1409//1409
f 1657//1657 113//113 1400//1400
f 1460//1460 1657//1657 1400//1400
f 1288//1288 1095//1095 1634//1634
f 1551//1551 1597//1597 1409//1409
f 1580//1580 1598//1598 1591//1591
f 1591//1591 1598//1598 960//960
f 1536//1536 1990//1990 2031//2031
f 960//960 1657//1657 1460//1460
f 1809//1809 1746//1746 1797//1797
f 1423//1423 1433//1433 1432//1432
f 2478//2478 1362//1362 1409//1409
f 1463//1463 1545//1545 113//113
f 1657//1657 1463//1463 113//113
f 1457//1457 1287//1287 1305//1305
f 1682//1682 1716//1716 1746//1746
f 1434//1434 1761//1761 1885//1885
f 1013//1013 1139//1139 1617//1617
f 2379//2379 1362//1362 2478//2478
f 1420//1420 1597//1597 1551//1551
f 1420//1420 1580//1580 1597//1597
f 1664//1664 1808//1808 1712//1712
f 2256//2256 2250//2250 2231//2231
f 1362//1362 1551//1551 1409//1409
f 2196//2196 2214//2214 2213//2213
f 1691//1691 1725//1725 1777//1777
f 1626//1626 192//192 1666//1666
f 1534//1534 1574//1574 2058//2058
f 1574//1574 1600//1600 1605//1605
f 1600//1600 1606//1606 1605//1605
f 1606//1606 1641//1641 1605//1605
f 1573//1573 1420//1420 1551//1551
f 1657//1657 1485//1485 1463//1463
f 678//678 1806//1806 1742//1742
f 1534//1534 1553//1553 1574//1574
f 1574//1574 1575//1575 1600//1600
f 1810//1810 2170//2170 585//585
f 1623//1623 1641//1641 1606//1606
f 1407//1407 1657//1657 960//960
f 1598//1598 1407//1407 960//960
f 1485//1485 1142//1142 1463//1463
f 1716//1716 1581//1581 1676//1676
f 1738//1738 1743//1743 1733//1733
f 843//843 2064//2064 835//835
f 1539//1539 1575//1575 1574//1574
f 1553//1553 1539//1539 1574//1574
f 1575//1575 1592//1592 1600//1600
f 1592//1592 1624//1624 1606//1606
f 1600//1600 1592//1592 1606//1606
f 1642//1642 585//585 1641//1641
f 1623//1623 1642//1642 1641//1641
f 1485//1485 164//164 1142//1142
f 1738//1738 1516//1516 1743//1743
f 1809//1809 1720//1720 1798//1798
f 1533//1533 1535//1535 1534//1534
f 1592//1592 1607//1607 1624//1624
f 1624//1624 1623//1623 1606//1606
f 1163//1163 566//566 1116//1116
f 1407//1407 1485//1485 1657//1657
f 1432//1432 1449//1449 1439//1439
f 1100//1100 802//802 2382//2382
f 1743//1743 1516//1516 1722//1722
f 1746//1746 1716//1716 1676//1676
f 1535//1535 1539//1539 1534//1534
f 1534//1534 1539//1539 1553//1553
f 1642//1642 1623//1623 1624//1624
f 1095//1095 1208//1208 1654//1654
f 967//967 1407//1407 1598//1598
f 1580//1580 967//967 1598//1598
f 1809//1809 1797//1797 1720//1720
f 1924//1924 1524//1524 1535//1535
f 1533//1533 1924//1924 1535//1535
f 1539//1539 1576//1576 1575//1575
f 1642//1642 216//216 585//585
f 1407//1407 1529//1529 1485//1485
f 1485//1485 1529//1529 164//164
f 1472//1472 1462//1462 1482//1482
f 1415//1415 1431//1431 1240//1240
f 966//966 1194//1194 714//714
f 383//383 1182//1182 152//152
f 474//474 2337//2337 446//446
f 1743//1743 1841//1841 1757//1757
f 1486//1486 1524//1524 1924//1924
f 1535//1535 1525//1525 1539//1539
f 1575//1575 1576//1576 1592//1592
f 1420//1420 967//967 1580//1580
f 1288//1288 1634//1634 1613//1613
f 459//459 427//427 1265//1265
f 1404//1404 2179//2179 1393//1393
f 1404//1404 1403//1403 1800//1800
f 1404//1404 1410//1410 1403//1403
f 1410//1410 1749//1749 1403//1403
f 1349//1349 1351//1351 218//218
f 1486//1486 1498//1498 1524//1524
f 1535//1535 1524//1524 1525//1525
f 1607//1607 1636//1636 1624//1624
f 183//183 1642//1642 1624//1624
f 1636//1636 183//183 1624//1624
f 1107//1107 1349//1349 218//218
f 1351//1351 845//845 218//218
f 164//164 1519//1519 1142//1142
f 845//845 413//413 218//218
f 1525//1525 1576//1576 1539//1539
f 1576//1576 1582//1582 1592//1592
f 1592//1592 2134//2134 1607//1607
f 2134//2134 1636//1636 1607//1607
f 2147//2147 1491//1491 1401//1401
f 1407//1407 1589//1589 1529//1529
f 1529//1529 1519//1519 164//164
f 1693//1693 1763//1763 1444//1444
f 1924//1924 1479//1479 1486//1486
f 1592//1592 1582//1582 2134//2134
f 499//499 165//165 874//874
f 2176//2176 1857//1857 1959//1959
f 2327//2327 2368//2368 2326//2326
f 2358//2358 821//821 953//953
f 953//953 821//821 1573//1573
f 1824//1824 1704//1704 1464//1464
f 1731//1731 1358//1358 1678//1678
f 1394//1394 1410//1410 1404//1404
f 1394//1394 1418//1418 1410//1410
f 1466//1466 1479//1479 1839//1839
f 1486//1486 1479//1479 1498//1498
f 1498//1498 1525//1525 1524//1524
f 1576//1576 2080//2080 1582//1582
f 1785//1785 1684//1684 1898//1898
f 804//804 398//398 802//802
f 804//804 925//925 398//398
f 1447//1447 1562//1562 2358//2358
f 2358//2358 1562//1562 821//821
f 821//821 1620//1620 1573//1573
f 1620//1620 1420//1420 1573//1573
f 1420//1420 1556//1556 967//967
f 1393//1393 1394//1394 1404//1404
f 1525//1525 2080//2080 1576//1576
f 1621//1621 1420//1420 1620//1620
f 1621//1621 1556//1556 1420//1420
f 967//967 1589//1589 1407//1407
f 1505//1505 5//5 1357//1357
f 1266//1266 1258//1258 1436//1436
f 1393//1393 1395//1395 1394//1394
f 2176//2176 2175//2175 1848//1848
f 1455//1455 1466//1466 1839//1839
f 1525//1525 1540//1540 2080//2080
f 1582//1582 2080//2080 2118//2118
f 1100//1100 804//804 802//802
f 1556//1556 1589//1589 967//967
f 1589//1589 1082//1082 1529//1529
f 1093//1093 1685//1685 1357//1357
f 1504//1504 1093//1093 1357//1357
f 1425//1425 1418//1418 1394//1394
f 1475//1475 1479//1479 1466//1466
f 1479//1479 1506//1506 1498//1498
f 1789//1789 1784//1784 1730//1730
f 2501//2501 2465//2465 2489//2489
f 1438//1438 1458//1458 1430//1430
f 1462//1462 1458//1458 1473//1473
f 1454//1454 805//805 1529//1529
f 1082//1082 1454//1454 1529//1529
f 1529//1529 805//805 1519//1519
f 1425//1425 1394//1394 1395//1395
f 1425//1425 1744//1744 1418//1418
f 1479//1479 1475//1475 1506//1506
f 1540//1540 2060//2060 2080//2080
f 1556//1556 1082//1082 1589//1589
f 1443//1443 945//945 1511//1511
f 1506//1506 1536//1536 1498//1498
f 1498//1498 1536//1536 1525//1525
f 1525//1525 1536//1536 1540//1540
f 1670//1670 852//852 1672//1672
f 1998//1998 1388//1388 1389//1389
f 1511//1511 966//966 1509//1509
f 1509//1509 966//966 714//714
f 1442//1442 1443//1443 1496//1496
f 1562//1562 1635//1635 821//821
f 155//155 1322//1322 1473//1473
f 1439//1439 1458//1458 1438//1438
f 1426//1426 1425//1425 1395//1395
f 1475//1475 1499//1499 1506//1506
f 1735//1735 1588//1588 1776//1776
f 2422//2422 2454//2454 2421//2421
f 1423//1423 1432//1432 1415//1415
f 1559//1559 2101//2101 2073//2073
f 845//845 866//866 413//413
f 1429//1429 1620//1620 821//821
f 1620//1620 1429//1429 1621//1621
f 1228//1228 1250//1250 1687//1687
f 1002//1002 945//945 1443//1443
f 2382//2382 802//802 1083//1083
f 1859//1859 1411//1411 1395//1395
f 1411//1411 1426//1426 1395//1395
f 1426//1426 1744//1744 1425//1425
f 1590//1590 1437//1437 1483//1483
f 1480//1480 1475//1475 1466//1466
f 1480//1480 1499//1499 1475//1475
f 1510//1510 1733//1733 1743//1743
f 1663//1663 1696//1696 1658//1658
f 1430//1430 1453//1453 1452//1452
f 1452//1452 1472//1472 1471//1471
f 1452//1452 1471//1471 1448//1448
f 1430//1430 1452//1452 1421//1421
f 1430//1430 1421//1421 1422//1422
f 1429//1429 1082//1082 1556//1556
f 1621//1621 1429//1429 1556//1556
f 1351//1351 2386//2386 845//845
f 1126//1126 1059//1059 487//487
f 1639//1639 1437//1437 1563//1563
f 1504//1504 1928//1928 1093//1093
f 1499//1499 1536//1536 1506//1506
f 1588//1588 1770//1770 1727//1727
f 1110//1110 1747//1747 1397//1397
f 1776//1776 1588//1588 1531//1531
f 1322//1322 1320//1320 1482//1482
f 1590//1590 1629//1629 1571//1571
f 1730//1730 1877//1877 1838//1838
f 1429//1429 935//935 1082//1082
f 1082//1082 935//935 1454//1454
f 804//804 1443//1443 925//925
f 1139//1139 1007//1007 1639//1639
f 1925//1925 1480//1480 1466//1466
f 1934//1934 1989//1989 1480//1480
f 1499//1499 1989//1989 1536//1536
f 1727//1727 1526//1526 1531//1531
f 1593//1593 1614//1614 502//502
f 2455//2455 2431//2431 2400//2400
f 1755//1755 1680//1680 908//908
f 1563//1563 1571//1571 1564//1564
f 1647//1647 1078//1078 1501//1501
f 2490//2490 1635//1635 1106//1106
f 1496//1496 1511//1511 717//717
f 2454//2454 2431//2431 516//516
f 1478//1478 1153//1153 1093//1093
f 1870//1870 1426//1426 1411//1411
f 1426//1426 1723//1723 1744//1744
f 962//962 986//986 1412//1412
f 717//717 1511//1511 1509//1509
f 1825//1825 1704//1704 1824//1824
f 2225//2225 2234//2234 2253//2253
f 1490//1490 1557//1557 1188//1188
f 1635//1635 80//80 821//821
f 805//805 1454//1454 935//935
f 1186//1186 706//706 695//695
f 1194//1194 1161//1161 714//714
f 1512//1512 1007//1007 1013//1013
f 592//592 97//97 204//204
f 1258//1258 1266//1266 1257//1257
f 82//82 1333//1333 471//471
f 1694//1694 1710//1710 1505//1505
f 1643//1643 490//490 1661//1661
f 1661//1661 490//490 1114//1114
f 1518//1518 2068//2068 2484//2484
f 1750//1750 1808//1808 1664//1664
f 1656//1656 1635//1635 2490//2490
f 935//935 1521//1521 805//805
f 1546//1546 1629//1629 1076//1076
f 1301//1301 70//70 1277//1277
f 966//966 1441//1441 1194//1194
f 1148//1148 1825//1825 1824//1824
f 1614//1614 1609//1609 1643//1643
f 1114//1114 1092//1092 1921//1921
f 1770//1770 1739//1739 1670//1670
f 1631//1631 1632//1632 1646//1646
f 821//821 1016//1016 1429//1429
f 1429//1429 1016//1016 935//935
f 1632//1632 1095//1095 1654//1654
f 1083//1083 262//262 688//688
f 1724//1724 1686//1686 1725//1725
f 1644//1644 490//490 1643//1643
f 1092//1092 1149//1149 1921//1921
f 3//3 893//893 1832//1832
f 988//988 1640//1640 1188//1188
f 916//916 1107//1107 284//284
f 1656//1656 80//80 1635//1635
f 1016//1016 821//821 80//80
f 1016//1016 1521//1521 935//935
f 1478//1478 1202//1202 1153//1153
f 1401//1401 1928//1928 29//29
f 1440//1440 1478//1478 1928//1928
f 1849//1849 1700//1700 1865//1865
f 1595//1595 1611//1611 1612//1612
f 1208//1208 198//198 341//341
f 1464//1464 1704//1704 1746//1746
f 2143//2143 984//984 1721//1721
f 1848//1848 1849//1849 1868//1868
f 1662//1662 1114//1114 490//490
f 1669//1669 1787//1787 1682//1682
f 1656//1656 1618//1618 80//80
f 198//198 1208//1208 916//916
f 1440//1440 1928//1928 1401//1401
f 1521//1521 1369//1369 805//805
f 1252//1252 1107//1107 916//916
f 1745//1745 678//678 1672//1672
f 1703//1703 1779//1779 1721//1721
f 1750//1750 1465//1465 1808//1808
f 1609//1609 1644//1644 1643//1643
f 1092//1092 1114//1114 1662//1662
f 1826//1826 1523//1523 1793//1793
f 2262//2262 2261//2261 2224//2224
f 1696//1696 2166//2166 1767//1767
f 1016//1016 1648//1648 1521//1521
f 1208//1208 1252//1252 916//916
f 833//833 688//688 1067//1067
f 1794//1794 1803//1803 1558//1558
f 28//28 17//17 512//512
f 1750//1750 861//861 1566//1566
f 1594//1594 1644//1644 1609//1609
f 1644//1644 1645//1645 490//490
f 490//490 1645//1645 1662//1662
f 2229//2229 2262//2262 2224//2224
f 1602//1602 861//861 1760//1760
f 1530//1530 1777//1777 1760//1760
f 872//872 1706//1706 1673//1673
f 1696//1696 1668//1668 2166//2166
f 1708//1708 1809//1809 1798//1798
f 1581//1581 1716//1716 1814//1814
f 1709//1709 1794//1794 1680//1680
f 1233//1233 1421//1421 1257//1257
f 1724//1724 1476//1476 1686//1686
f 1469//1469 1481//1481 1965//1965
f 1965//1965 1481//1481 1492//1492
f 2073//2073 1549//1549 1559//1559
f 1594//1594 1615//1615 1644//1644
f 1799//1799 1706//1706 1755//1755
f 1725//1725 1686//1686 1837//1837
f 1720//1720 1797//1797 1572//1572
f 1618//1618 2467//2467 2022//2022
f 1618//1618 1579//1579 80//80
f 1648//1648 1016//1016 80//80
f 2134//2134 2152//2152 1636//1636
f 1611//1611 1632//1632 1631//1631
f 1761//1761 1434//1434 1470//1470
f 1559//1559 1577//1577 1594//1594
f 1603//1603 1615//1615 1594//1594
f 1615//1615 1645//1645 1644//1644
f 1637//1637 1662//1662 1645//1645
f 1662//1662 1199//1199 1092//1092
f 1199//1199 1149//1149 1092//1092
f 1451//1451 1108//1108 1149//1149
f 665//665 734//734 756//756
f 1865//1865 1700//1700 1714//1714
f 1709//1709 1841//1841 1794//1794
f 1618//1618 2022//2022 1579//1579
f 1648//1648 1413//1413 1369//1369
f 1521//1521 1648//1648 1369//1369
f 1520//1520 11//11 1401//1401
f 1446//1446 1470//1470 1434//1434
f 1798//1798 1691//1691 1754//1754
f 2063//2063 1544//1544 2073//2073
f 2073//2073 1544//1544 1549//1549
f 1594//1594 1577//1577 1603//1603
f 1615//1615 1637//1637 1645//1645
f 1637//1637 1199//1199 1662//1662
f 1427//1427 1149//1149 1199//1199
f 2167//2167 1108//1108 1451//1451
f 1997//1997 1673//1673 1705//1705
f 1706//1706 1799//1799 1705//1705
f 1841//1841 1709//1709 1757//1757
f 1604//1604 1579//1579 2022//2022
f 1579//1579 707//707 80//80
f 80//80 707//707 1648//1648
f 1520//1520 1401//1401 1491//1491
f 1649//1649 1520//1520 1491//1491
f 1435//1435 1434//1434 1885//1885
f 1470//1470 1469//1469 1461//1461
f 1481//1481 1508//1508 2024//2024
f 2370//2370 1544//1544 2063//2063
f 1549//1549 1568//1568 1559//1559
f 1559//1559 1568//1568 1577//1577
f 1603//1603 1610//1610 1615//1615
f 1615//1615 1610//1610 1637//1637
f 999//999 1199//1199 1637//1637
f 1451//1451 1149//1149 1427//1427
f 1137//1137 1825//1825 1148//1148
f 1706//1706 1705//1705 1673//1673
f 1138//1138 1604//1604 2116//2116
f 1138//1138 1579//1579 1604//1604
f 1413//1413 1648//1648 707//707
f 2360//2360 2024//2024 1508//1508
f 598//598 1075//1075 1116//1116
f 229//229 93//93 1468//1468
f 1839//1839 1479//1479 1684//1684
f 2216//2216 2229//2229 2224//2224
f 1610//1610 1625//1625 1637//1637
f 329//329 999//999 1637//1637
f 1199//1199 1017//1017 1427//1427
f 1017//1017 303//303 1427//1427
f 303//303 1451//1451 1427//1427
f 1792//1792 1754//1754 1777//1777
f 2309//2309 2391//2391 2301//2301
f 1655//1655 1138//1138 2116//2116
f 1138//1138 707//707 1579//1579
f 1649//1649 1491//1491 206//206
f 1406//1406 1885//1885 1398//1398
f 1406//1406 1419//1419 1885//1885
f 1419//1419 1435//1435 1885//1885
f 1434//1434 1435//1435 1446//1446
f 1470//1470 1481//1481 1469//1469
f 1577//1577 1583//1583 1603//1603
f 999//999 1017//1017 1199//1199
f 81//81 67//67 941//941
f 67//67 1650//1650 941//941
f 1259//1259 1815//1815 2164//2164
f 1619//1619 2116//2116 2045//2045
f 1424//1424 707//707 1138//1138
f 1702//1702 1649//1649 206//206
f 1687//1687 1406//1406 1398//1398
f 1477//1477 1481//1481 1470//1470
f 1568//1568 1569//1569 1577//1577
f 1577//1577 1569//1569 1583//1583
f 1603//1603 1583//1583 1610//1610
f 1625//1625 329//329 1637//1637
f 2167//2167 340//340 273//273
f 81//81 273//273 340//340
f 81//81 962//962 67//67
f 1547//1547 1619//1619 1488//1488
f 1830//1830 1739//1739 1770//1770
f 938//938 1424//1424 1138//1138
f 1424//1424 1413//1413 707//707
f 1527//1527 1649//1649 1702//1702
f 1527//1527 1520//1520 1649//1649
f 1527//1527 1268//1268 1520//1520
f 1250//1250 1406//1406 1687//1687
f 1441//1441 1353//1353 1115//1115
f 1203//1203 1413//1413 1051//1051
f 1250//1250 1419//1419 1406//1406
f 1477//1477 2372//2372 1481//1481
f 1481//1481 2372//2372 1508//1508
f 2449//2449 1560//1560 1568//1568
f 1549//1549 2449//2449 1568//1568
f 1568//1568 1560//1560 1569//1569
f 1569//1569 1584//1584 1583//1583
f 1652//1652 329//329 1625//1625
f 329//329 817//817 999//999
f 285//285 1017//1017 999//999
f 303//303 10//10 1451//1451
f 10//10 2167//2167 1451//1451
f 1412//1412 1650//1650 67//67
f 1412//1412 1488//1488 1650//1650
f 1547//1547 1023//1023 1619//1619
f 1023//1023 1655//1655 1619//1619
f 1655//1655 938//938 1138//1138
f 1456//1456 1413//1413 1424//1424
f 1457//1457 1470//1470 1446//1446
f 1457//1457 1477//1477 1470//1470
f 329//329 1652//1652 817//817
f 10//10 340//340 2167//2167
f 938//938 1546//1546 1424//1424
f 1546//1546 1456//1456 1424//1424
f 1259//1259 1548//1548 1779//1779
f 2052//2052 2031//2031 1990//1990
f 1440//1440 1202//1202 1478//1478
f 1428//1428 1419//1419 1250//1250
f 1428//1428 1435//1435 1419//1419
f 1428//1428 1446//1446 1435//1435
f 1934//1934 1935//1935 1955//1955
f 1560//1560 1584//1584 1569//1569
f 1610//1610 1638//1638 1625//1625
f 1638//1638 1652//1652 1625//1625
f 817//817 1077//1077 999//999
f 1077//1077 285//285 999//999
f 980//980 303//303 1017//1017
f 962//962 1412//1412 67//67
f 1494//1494 1023//1023 1547//1547
f 325//325 271//271 1270//1270
f 1443//1443 1511//1511 1496//1496
f 1450//1450 1268//1268 1527//1527
f 1514//1514 1353//1353 1441//1441
f 1287//1287 1446//1446 1428//1428
f 1446//1446 1287//1287 1457//1457
f 1305//1305 2372//2372 1477//1477
f 1992//1992 1990//1990 1991//1991
f 1992//1992 1991//1991 1971//1971
f 1971//1971 1991//1991 1955//1955
f 2449//2449 1549//1549 2418//2418
f 1583//1583 1616//1616 1610//1610
f 1610//1610 1616//1616 1638//1638
f 10//10 1396//1396 340//340
f 340//340 1445//1445 81//81
f 1445//1445 962//962 81//81
f 1790//1790 984//984 1753//1753
f 984//984 2148//2148 1753//1753
f 1588//1588 1713//1713 1770//1770
f 969//969 978//978 958//958
f 1741//1741 1779//1779 1703//1703
f 1758//1758 1846//1846 1754//1754
f 1827//1827 1819//1819 1029//1029
f 1818//1818 1530//1530 1712//1712
f 1750//1750 1566//1566 2127//2127
f 2459//2459 2434//2434 2483//2483
f 1798//1798 1720//1720 1771//1771
f 1794//1794 1841//1841 1803//1803
f 216//216 1755//1755 1810//1810
f 1098//1098 1735//1735 1748//1748
f 1735//1735 1497//1497 1748//1748
f 1502//1502 2102//2102 1601//1601
f 881//881 1502//1502 1601//1601
f 1455//1455 1839//1839 1744//1744
f 1706//1706 1709//1709 1680//1680
f 1212//1212 1741//1741 1703//1703
f 1788//1788 1969//1969 1671//1671
f 1075//1075 1074//1074 1692//1692
f 951//951 2500//2500 881//881
f 2490//2490 2486//2486 2463//2463
f 1748//1748 1497//1497 1781//1781
f 1721//1721 984//984 1840//1840
f 1815//1815 1259//1259 1741//1741
f 1626//1626 1756//1756 1837//1837
f 975//975 987//987 1542//1542
f 2230//2230 2236//2236 2235//2235
f 1772//1772 678//678 734//734
f 1542//1542 1671//1671 975//975
f 1806//1806 1772//1772 1780//1780
f 678//678 1772//1772 1806//1806
f 2218//2218 2225//2225 2268//2268
f 1828//1828 1732//1732 2007//2007
f 1526//1526 1688//1688 1531//1531
f 1752//1752 1526//1526 1554//1554
f 1844//1844 1818//1818 1712//1712
f 1823//1823 1846//1846 1804//1804
f 1781//1781 1669//1669 1704//1704
f 1721//1721 1779//1779 2143//2143
f 1770//1770 1670//1670 1526//1526
f 1497//1497 1669//1669 1781//1781
f 1098//1098 1713//1713 1735//1735
f 1742//1742 1815//1815 1741//1741
f 1526//1526 858//858 1875//1875
f 1599//1599 1531//1531 1688//1688
f 1803//1803 1790//1790 1558//1558
f 1703//1703 1721//1721 1683//1683
f 1832//1832 1766//1766 957//957
f 1542//1542 1679//1679 1671//1671
f 1679//1679 1788//1788 1671//1671
f 1927//1927 1819//1819 1827//1827
f 1718//1718 1745//1745 1739//1739
f 1684//1684 1022//1022 1839//1839
f 1459//1459 1283//1283 1299//1299
f 1022//1022 1410//1410 1418//1418
f 2368//2368 2393//2393 2326//2326
f 1669//1669 1497//1497 1776//1776
f 1875//1875 858//858 1212//1212
f 1739//1739 1745//1745 852//852
f 1964//1964 1918//1918 1461//1461
f 1356//1356 133//133 1331//1331
f 1765//1765 1829//1829 1468//1468
f 858//858 1742//1742 1741//1741
f 1006//1006 1674//1674 1021//1021
f 1723//1723 1936//1936 1935//1935
f 1468//1468 1713//1713 1098//1098
f 1724//1724 1678//1678 1476//1476
f 1680//1680 1783//1783 908//908
f 1731//1731 1543//1543 520//520
f 1683//1683 1721//1721 1840//1840
f 1467//1467 1679//1679 1542//1542
f 1812//1812 1708//1708 1846//1846
f 1679//1679 1975//1975 1788//1788
f 1713//1713 1830//1830 1770//1770
f 1803//1803 1722//1722 1790//1790
f 2301//2301 2391//2391 2349//2349
f 1713//1713 1588//1588 1735//1735
f 1836//1836 1530//1530 1818//1818
f 1837//1837 1756//1756 861//861
f 886//886 571//571 556//556
f 1181//1181 1805//1805 1812//1812
f 1706//1706 1680//1680 1755//1755
f 1677//1677 1729//1729 1775//1775
f 1776//1776 1787//1787 1669//1669
f 1526//1526 1670//1670 1672//1672
f 1727//1727 1770//1770 1526//1526
f 987//987 1467//1467 1542//1542
f 1567//1567 1704//1704 1137//1137
f 1693//1693 1865//1865 1714//1714
f 897//897 1762//1762 912//912
f 1135//1135 1697//1697 1062//1062
f 1697//1697 376//376 1062//1062
f 1543//1543 1731//1731 1678//1678
f 1793//1793 1679//1679 1467//1467
f 1777//1777 1602//1602 1760//1760
f 1846//1846 1798//1798 1754//1754
f 1835//1835 1096//1096 1677//1677
f 1033//1033 1030//1030 940//940
f 1450//1450 1527//1527 1702//1702
f 1717//1717 376//376 1697//1697
f 1711//1711 1717//1717 1697//1697
f 1717//1717 165//165 376//376
f 1840//1840 984//984 1790//1790
f 1669//1669 1746//1746 1704//1704
f 1669//1669 1682//1682 1746//1746
f 2301//2301 2349//2349 2308//2308
f 1882//1882 1444//1444 1898//1898
f 1820//1820 1789//1789 1730//1730
f 861//861 1380//1380 1566//1566
f 2301//2301 2308//2308 2266//2266
f 1771//1771 1543//1543 1691//1691
f 1958//1958 1659//1659 1651//1651
f 1697//1697 1360//1360 1711//1711
f 1711//1711 1737//1737 1717//1717
f 1717//1717 1737//1737 165//165
f 1790//1790 1753//1753 1558//1558
f 1668//1668 1696//1696 1663//1663
f 1360//1360 1702//1702 1711//1711
f 1702//1702 1707//1707 1711//1711
f 1707//1707 1737//1737 1711//1711
f 1737//1737 1751//1751 165//165
f 1444//1444 1782//1782 1693//1693
f 1716//1716 1787//1787 1599//1599
f 1744//1744 1839//1839 1022//1022
f 1898//1898 1444//1444 1785//1785
f 206//206 1707//1707 1702//1702
f 1764//1764 2468//2468 1751//1751
f 316//316 1844//1844 893//893
f 893//893 1844//1844 915//915
f 1845//1845 1804//1804 1758//1758
f 1380//1380 861//861 1756//1756
f 1780//1780 670//670 1021//1021
f 1714//1714 2172//2172 1763//1763
f 1783//1783 1558//1558 1663//1663
f 1750//1750 2127//2127 1465//1465
f 1798//1798 1771//1771 1691//1691
f 1691//1691 1543//1543 1724//1724
f 1872//1872 1910//1910 839//839
f 1737//1737 2044//2044 1751//1751
f 1751//1751 2044//2044 1764//1764
f 1757//1757 1701//1701 482//482
f 1725//1725 1602//1602 1777//1777
f 1836//1836 1845//1845 1530//1530
f 2102//2102 2470//2470 1503//1503
f 2496//2496 1899//1899 544//544
f 763//763 2484//2484 946//946
f 987//987 1719//1719 1467//1467
f 1845//1845 1758//1758 1792//1792
f 1725//1725 1837//1837 1602//1602
f 1872//1872 1866//1866 1873//1873
f 1712//1712 1530//1530 1760//1760
f 489//489 1799//1799 216//216
f 1760//1760 861//861 1750//1750
f 2068//2068 2466//2466 2460//2460
f 1696//1696 2159//2159 2168//2168
f 377//377 1377//1377 1280//1280
f 1797//1797 1676//1676 1572//1572
f 1581//1581 2053//2053 1572//1572
f 1676//1676 1581//1581 1572//1572
f 1764//1764 2498//2498 2468//2468
f 2468//2468 2498//2498 1994//1994
f 1861//1861 1695//1695 1860//1860
f 2481//2481 2004//2004 2495//2495
f 1826//1826 1677//1677 1523//1523
f 1670//1670 1739//1739 852//852
f 2234//2234 2269//2269 2253//2253
f 1724//1724 1543//1543 1678//1678
f 1658//1658 2168//2168 1791//1791
f 1397//1397 1747//1747 1719//1719
f 1696//1696 2168//2168 1658//1658
f 979//979 519//519 272//272
f 1774//1774 1975//1975 1679//1679
f 975//975 1671//1671 932//932
f 1787//1787 1716//1716 1682//1682
f 1835//1835 1826//1826 1747//1747
f 2501//2501 2469//2469 961//961
f 1810//1810 908//908 1791//1791
f 1982//1982 1768//1768 191//191
f 1137//1137 1704//1704 1825//1825
f 1804//1804 1846//1846 1758//1758
f 2004//2004 2044//2044 1737//1737
f 913//913 1969//1969 902//902
f 2498//2498 1795//1795 1801//1801
f 915//915 1844//1844 1712//1712
f 1689//1689 915//915 1712//1712
f 1740//1740 1752//1752 1541//1541
f 695//695 661//661 199//199
f 1865//1865 1693//1693 1782//1782
f 1824//1824 1464//1464 1809//1809
f 1829//1829 1765//1765 1718//1718
f 1816//1816 1768//1768 1982//1982
f 1816//1816 1622//1622 1768//1768
f 1622//1622 2165//2165 1681//1681
f 1768//1768 1622//1622 1681//1681
f 670//670 1772//1772 228//228
f 1283//1283 1459//1459 52//52
f 1785//1785 1444//1444 1749//1749
f 1675//1675 1075//1075 1685//1685
f 1567//1567 1781//1781 1704//1704
f 1858//1858 1857//1857 1848//1848
f 1526//1526 1752//1752 1688//1688
f 1791//1791 2160//2160 1810//1810
f 908//908 1658//1658 1791//1791
f 1813//1813 1773//1773 1558//1558
f 1845//1845 1792//1792 1530//1530
f 69//69 376//376 165//165
f 3//3 1832//1832 1834//1834
f 1722//1722 1516//1516 1507//1507
f 1801//1801 1821//1821 1994//1994
f 1833//1833 1982//1982 2046//2046
f 1821//1821 1833//1833 2046//2046
f 1833//1833 1816//1816 1982//1982
f 1022//1022 1785//1785 1749//1749
f 2160//2160 2170//2170 1810//1810
f 1147//1147 1719//1719 1726//1726
f 1683//1683 1840//1840 1507//1507
f 1467//1467 1719//1719 1793//1793
f 1795//1795 1802//1802 1801//1801
f 1802//1802 1811//1811 1801//1801
f 1801//1801 1811//1811 1821//1821
f 1690//1690 2165//2165 1622//1622
f 1934//1934 1480//1480 1925//1925
f 229//229 1468//1468 1091//1091
f 1780//1780 2164//2164 1742//1742
f 1672//1672 1742//1742 858//858
f 1833//1833 1417//1417 1816//1816
f 1417//1417 1622//1622 1816//1816
f 1831//1831 2165//2165 1690//1690
f 1668//1668 1663//1663 1558//1558
f 1719//1719 1747//1747 1826//1826
f 1760//1760 1750//1750 1664//1664
f 1817//1817 1690//1690 1622//1622
f 1530//1530 1792//1792 1777//1777
f 948//948 1796//1796 1802//1802
f 1796//1796 1811//1811 1802//1802
f 1515//1515 1817//1817 1622//1622
f 1695//1695 1861//1861 1831//1831
f 1783//1783 1663//1663 1658//1658
f 1749//1749 1410//1410 1022//1022
f 854//854 1796//1796 948//948
f 1811//1811 1842//1842 1833//1833
f 1821//1821 1811//1811 1833//1833
f 1833//1833 1842//1842 1417//1417
f 1622//1622 1417//1417 1515//1515
f 127//127 1804//1804 1845//1845
f 1686//1686 1626//1626 1837//1837
f 1608//1608 1690//1690 1817//1817
f 1523//1523 1775//1775 1762//1762
f 127//127 1845//1845 1836//1836
f 1812//1812 1805//1805 1708//1708
f 1523//1523 1677//1677 1775//1775
f 1780//1780 1772//1772 670//670
f 1758//1758 1754//1754 1792//1792
f 1204//1204 1796//1796 854//854
f 1822//1822 1842//1842 1811//1811
f 1608//1608 1831//1831 1690//1690
f 1822//1822 1811//1811 1796//1796
f 1842//1842 1416//1416 1417//1417
f 1417//1417 1416//1416 1515//1515
f 1515//1515 1608//1608 1817//1817
f 1728//1728 1831//1831 1608//1608
f 908//908 1783//1783 1658//1658
f 127//127 1836//1836 316//316
f 1805//1805 1148//1148 1824//1824
f 852//852 1745//1745 1672//1672
f 1478//1478 1093//1093 1928//1928
f 1822//1822 1843//1843 1842//1842
f 1843//1843 959//959 1842//1842
f 1842//1842 959//959 1416//1416
f 1728//1728 1695//1695 1831//1831
f 1728//1728 1860//1860 1695//1695
f 2346//2346 446//446 2337//2337
f 1602//1602 1837//1837 861//861
f 1087//1087 1096//1096 1835//1835
f 1708//1708 1824//1824 1809//1809
f 2004//2004 1737//1737 505//505
f 1567//1567 1748//1748 1781//1781
f 520//520 1543//1543 1883//1883
f 1760//1760 1664//1664 1712//1712
f 128//128 1336//1336 72//72
f 2053//2053 1883//1883 1543//1543
f 1822//1822 180//180 1843//1843
f 1786//1786 1608//1608 1515//1515
f 929//929 2462//2462 519//519
f 512//512 2402//2402 506//506
f 1212//1212 1703//1703 1683//1683
f 1830//1830 1829//1829 1739//1739
f 2053//2053 1543//1543 1771//1771
f 1416//1416 1769//1769 1515//1515
f 1769//1769 1786//1786 1515//1515
f 1786//1786 1728//1728 1608//1608
f 1712//1712 1808//1808 1689//1689
f 1794//1794 1558//1558 1783//1783
f 1497//1497 1735//1735 1776//1776
f 1127//1127 1567//1567 1137//1137
f 1123//1123 1748//1748 1567//1567
f 36//36 205//205 1185//1185
f 959//959 1734//1734 1416//1416
f 1738//1738 1733//1733 1541//1541
f 1774//1774 1762//1762 1974//1974
f 1752//1752 1554//1554 1541//1541
f 1752//1752 1740//1740 1688//1688
f 1526//1526 1875//1875 1554//1554
f 1468//1468 1829//1829 1830//1830
f 1755//1755 908//908 1810//1810
f 1716//1716 1599//1599 1814//1814
f 1806//1806 1780//1780 1742//1742
f 2308//2308 2349//2349 2340//2340
f 1832//1832 915//915 1689//1689
f 1713//1713 1468//1468 1830//1830
f 1814//1814 1599//1599 1346//1346
f 1832//1832 1689//1689 1766//1766
f 1022//1022 1684//1684 1785//1785
f 1093//1093 1153//1153 1116//1116
f 1672//1672 678//678 1742//1742
f 1675//1675 1685//1685 1093//1093
f 1841//1841 1743//1743 1722//1722
f 1814//1814 2053//2053 1581//1581
f 1464//1464 1746//1746 1809//1809
f 2485//2485 2497//2497 2493//2493
f 1416//1416 1734//1734 1769//1769
f 1665//1665 1728//1728 1786//1786
f 1665//1665 1951//1951 1728//1728
f 1951//1951 1860//1860 1728//1728
f 1951//1951 2094//2094 1860//1860
f 1844//1844 1836//1836 1818//1818
f 316//316 1836//1836 1844//1844
f 1776//1776 1531//1531 1787//1787
f 1719//1719 1826//1826 1793//1793
f 2147//2147 1401//1401 29//29
f 2111//2111 2121//2121 1548//1548
f 1741//1741 1259//1259 1779//1779
f 1843//1843 347//347 1834//1834
f 1843//1843 1734//1734 959//959
f 1766//1766 1769//1769 1734//1734
f 957//957 1766//1766 1734//1734
f 1766//1766 1786//1786 1769//1769
f 1766//1766 1689//1689 1786//1786
f 1689//1689 1665//1665 1786//1786
f 1754//1754 1691//1691 1777//1777
f 1507//1507 1840//1840 1790//1790
f 1761//1761 1470//1470 1461//1461
f 1523//1523 1679//1679 1793//1793
f 1091//1091 1468//1468 1098//1098
f 1820//1820 1730//1730 1838//1838
f 1843//1843 1834//1834 1734//1734
f 1808//1808 1951//1951 1665//1665
f 1588//1588 1727//1727 1531//1531
f 893//893 915//915 1832//1832
f 1523//1523 1774//1774 1679//1679
f 272//272 2488//2488 710//710
f 1093//1093 1116//1116 1675//1675
f 2340//2340 2349//2349 2348//2348
f 1832//1832 1734//1734 1834//1834
f 1832//1832 957//957 1734//1734
f 1951//1951 1808//1808 2094//2094
f 1685//1685 1692//1692 1505//1505
f 1043//1043 295//295 698//698
f 2143//2143 1779//1779 2121//2121
f 1689//1689 1808//1808 1665//1665
f 1693//1693 1714//1714 1763//1763
f 1738//1738 2157//2157 1516//1516
f 1114//1114 1921//1921 236//236
f 1268//1268 1333//1333 1520//1520
f 1149//1149 1108//1108 431//431
f 508//508 2144//2144 1912//1912
f 1957//1957 1108//1108 1537//1537
f 431//431 1108//1108 1957//1957
f 1018//1018 1108//1108 2167//2167
f 1338//1338 1957//1957 1681//1681
f 2163//2163 1957//1957 1338//1338
f 1983//1983 1390//1390 2093//2093
f 30//30 557//557 37//37
f 1714//1714 2173//2173 2172//2172
f 1983//1983 1984//1984 1390//1390
f 1984//1984 2065//2065 1390//1390
f 884//884 1762//1762 897//897
f 2065//2065 1984//1984 1214//1214
f 1950//1950 1974//1974 1762//1762
f 884//884 1950//1950 1762//1762
f 2012//2012 1698//1698 1861//1861
f 1214//1214 2116//2116 803//803
f 1950//1950 1938//1938 1974//1974
f 1938//1938 1967//1967 1974//1974
f 1900//1900 1761//1761 1461//1461
f 865//865 1929//1929 884//884
f 884//884 1929//1929 1950//1950
f 2062//2062 2071//2071 2042//2042
f 919//919 1985//1985 1732//1732
f 1593//1593 502//502 2146//2146
f 1995//1995 1213//1213 2098//2098
f 1522//1522 2476//2476 1651//1651
f 2174//2174 1849//1849 2175//2175
f 1480//1480 1989//1989 1499//1499
f 1929//1929 1938//1938 1950//1950
f 1605//1605 2058//2058 1574//1574
f 2097//2097 1605//1605 2133//2133
f 1912//1912 2014//2014 1886//1886
f 2092//2092 2082//2082 2083//2083
f 206//206 1930//1930 505//505
f 2101//2101 2100//2100 2092//2092
f 2073//2073 2101//2101 2092//2092
f 839//839 1910//1910 865//865
f 1910//1910 1901//1901 1929//1929
f 865//865 1910//1910 1929//1929
f 1967//1967 1788//1788 1975//1975
f 2073//2073 2092//2092 2063//2063
f 2101//2101 1593//1593 2100//2100
f 2015//2015 1876//1876 1698//1698
f 1853//1853 1884//1884 2014//2014
f 1831//1831 1698//1698 2165//2165
f 1316//1316 273//273 81//81
f 1901//1901 1920//1920 1929//1929
f 1929//1929 1920//1920 1938//1938
f 1920//1920 1968//1968 1967//1967
f 1938//1938 1920//1920 1967//1967
f 1849//1849 2174//2174 1700//1700
f 2173//2173 1700//1700 2174//2174
f 2062//2062 2072//2072 2091//2091
f 803//803 2467//2467 2059//2059
f 2239//2239 1736//1736 2240//2240
f 1505//1505 1357//1357 1685//1685
f 1358//1358 1686//1686 1476//1476
f 1967//1967 1968//1968 1788//1788
f 1968//1968 1969//1969 1788//1788
f 2065//2065 2110//2110 2156//2156
f 2065//2065 1214//1214 2110//2110
f 2110//2110 1214//1214 503//503
f 273//273 2093//2093 1018//1018
f 273//273 1983//1983 2093//2093
f 532//532 1886//1886 2155//2155
f 2034//2034 2021//2021 1947//1947
f 216//216 1810//1810 585//585
f 1912//1912 543//543 2014//2014
f 1390//1390 2051//2051 1537//1537
f 1872//1872 1873//1873 1910//1910
f 1984//1984 2045//2045 1214//1214
f 597//597 1912//1912 1886//1886
f 1593//1593 2146//2146 2100//2100
f 2071//2071 2062//2062 2090//2090
f 2034//2034 2046//2046 1982//1982
f 2034//2034 1947//1947 2046//2046
f 1214//1214 2045//2045 2116//2116
f 1873//1873 1887//1887 1910//1910
f 1887//1887 1901//1901 1910//1910
f 1562//1562 1447//1447 1106//1106
f 2163//2163 431//431 1957//1957
f 1948//1948 1972//1972 1936//1936
f 1972//1972 1948//1948 1992//1992
f 2014//2014 2015//2015 2013//2013
f 1853//1853 2014//2014 2013//2013
f 1550//1550 1884//1884 1853//1853
f 1947//1947 2468//2468 1994//1994
f 1355//1355 1550//1550 2154//2154
f 1355//1355 1884//1884 1550//1550
f 2081//2081 2108//2108 2128//2128
f 2024//2024 1965//1965 1492//1492
f 2024//2024 2032//2032 1965//1965
f 2116//2116 1604//1604 803//803
f 1901//1901 1911//1911 1920//1920
f 1939//1939 1968//1968 1920//1920
f 1911//1911 1939//1939 1920//1920
f 872//872 1626//1626 1666//1666
f 2062//2062 2091//2091 2120//2120
f 1819//1819 1927//1927 1759//1759
f 1021//1021 1674//1674 1780//1780
f 872//872 1673//1673 1756//1756
f 1550//1550 501//501 2171//2171
f 1378//1378 1550//1550 2171//2171
f 2146//2146 2162//2162 2145//2145
f 1358//1358 482//482 192//192
f 2109//2109 2120//2120 2119//2119
f 1866//1866 1872//1872 2227//2227
f 1391//1391 2012//2012 1860//1860
f 2136//2136 2137//2137 2161//2161
f 2162//2162 1661//1661 236//236
f 1887//1887 1894//1894 1901//1901
f 1901//1901 1894//1894 1911//1911
f 505//505 1707//1707 206//206
f 2120//2120 2137//2137 2136//2136
f 2142//2142 2164//2164 1674//1674
f 1860//1860 2012//2012 1861//1861
f 1894//1894 1939//1939 1911//1911
f 2080//2080 2060//2060 2118//2118
f 2162//2162 236//236 508//508
f 2164//2164 1815//1815 1742//1742
f 1018//1018 2093//2093 1537//1537
f 2154//2154 1378//1378 2161//2161
f 2041//2041 2098//2098 2491//2491
f 2043//2043 2042//2042 2032//2032
f 1108//1108 1018//1018 1537//1537
f 1465//1465 2094//2094 1808//1808
f 502//502 1643//1643 1661//1661
f 2467//2467 1618//1618 1656//1656
f 2119//2119 2136//2136 2135//2135
f 2119//2119 2108//2108 2071//2071
f 878//878 1183//1183 1195//1195
f 2101//2101 1594//1594 1593//1593
f 2033//2033 2370//2370 2063//2063
f 2482//2482 2491//2491 2098//2098
f 1282//1282 2406//2406 1275//1275
f 2003//2003 1948//1948 1956//1956
f 2043//2043 2032//2032 2024//2024
f 2025//2025 2043//2043 2024//2024
f 2154//2154 1550//1550 1378//1378
f 1795//1795 2498//2498 1764//1764
f 2142//2142 1548//1548 2164//2164
f 2431//2431 2454//2454 2422//2422
f 1981//1981 2011//2011 1993//1993
f 2349//2349 2391//2391 2362//2362
f 502//502 2162//2162 2146//2146
f 2025//2025 2024//2024 2360//2360
f 2129//2129 2120//2120 2091//2091
f 1732//1732 1985//1985 2007//2007
f 2171//2171 1308//1308 209//209
f 1930//1930 1995//1995 2041//2041
f 1390//1390 1238//1238 2051//2051
f 1866//1866 1878//1878 1887//1887
f 1878//1878 1894//1894 1887//1887
f 1965//1965 2032//2032 2011//2011
f 874//874 2480//2480 2492//2492
f 2071//2071 2108//2108 2069//2069
f 1358//1358 1731//1731 482//482
f 430//430 2021//2021 2034//2034
f 1965//1965 2003//2003 1964//1964
f 1855//1855 1889//1889 831//831
f 1668//1668 1773//1773 2150//2150
f 1390//1390 2156//2156 1238//1238
f 898//898 869//869 1903//1903
f 2391//2391 2407//2407 2362//2362
f 2121//2121 2111//2111 2074//2074
f 1548//1548 1259//1259 2164//2164
f 2099//2099 2129//2129 2091//2091
f 1550//1550 1853//1853 501//501
f 1853//1853 1852//1852 501//501
f 952//952 2017//2017 969//969
f 2085//2085 2121//2121 2074//2074
f 2130//2130 2006//2006 1391//1391
f 2144//2144 1367//1367 543//543
f 2100//2100 2146//2146 2099//2099
f 1545//1545 1319//1319 113//113
f 1903//1903 1922//1922 898//898
f 1922//1922 1931//1931 898//898
f 585//585 2170//2170 1641//1641
f 2007//2007 2017//2017 952//952
f 2017//2017 2074//2074 969//969
f 1558//1558 1753//1753 1813//1813
f 837//837 2005//2005 1517//1517
f 2005//2005 2006//2006 2130//2130
f 1532//1532 1474//1474 1528//1528
f 2003//2003 1981//1981 1948//1948
f 2070//2070 2071//2071 2069//2069
f 1922//1922 919//919 1931//1931
f 2017//2017 2085//2085 2074//2074
f 2085//2085 2104//2104 2121//2121
f 2100//2100 2099//2099 2082//2082
f 2156//2156 2110//2110 2034//2034
f 505//505 2474//2474 2004//2004
f 1903//1903 871//871 1922//1922
f 1922//1922 1952//1952 919//919
f 919//919 1952//1952 1985//1985
f 1985//1985 2001//2001 2007//2007
f 2001//2001 2036//2036 2017//2017
f 2007//2007 2001//2001 2017//2017
f 2017//2017 2036//2036 2085//2085
f 2036//2036 2047//2047 2085//2085
f 2047//2047 2075//2075 2085//2085
f 2075//2075 2104//2104 2085//2085
f 1948//1948 1993//1993 2023//2023
f 2400//2400 2422//2422 2407//2407
f 2011//2011 2070//2070 1993//1993
f 2033//2033 2043//2043 2025//2025
f 2012//2012 2015//2015 1698//1698
f 1876//1876 1338//1338 2165//2165
f 871//871 1940//1940 1922//1922
f 1985//1985 1976//1976 2001//2001
f 2121//2121 2104//2104 2143//2143
f 1051//1051 1413//1413 1456//1456
f 2358//2358 1362//1362 2379//2379
f 1859//1859 1789//1789 1870//1870
f 2090//2090 2109//2109 2071//2071
f 1405//1405 1398//1398 1885//1885
f 1886//1886 1884//1884 1355//1355
f 1922//1922 1960//1960 1952//1952
f 1952//1952 1960//1960 1985//1985
f 1960//1960 1976//1976 1985//1985
f 1956//1956 1948//1948 1936//1936
f 2135//2135 209//209 2128//2128
f 2157//2157 1875//1875 1212//1212
f 2160//2160 2168//2168 2169//2169
f 1900//1900 1461//1461 1918//1918
f 2001//2001 2018//2018 2036//2036
f 2075//2075 2086//2086 2104//2104
f 2111//2111 2142//2142 2103//2103
f 1937//1937 1956//1956 1936//1936
f 2023//2023 2070//2070 2061//2061
f 2135//2135 2128//2128 2108//2108
f 2042//2042 2071//2071 2011//2011
f 2138//2138 413//413 2383//2383
f 2033//2033 2072//2072 2043//2043
f 1922//1922 1940//1940 1960//1960
f 2070//2070 2069//2069 2061//2061
f 2069//2069 2108//2108 2061//2061
f 2108//2108 2119//2119 2135//2135
f 1855//1855 1904//1904 1889//1889
f 1889//1889 1904//1904 871//871
f 871//871 1904//1904 1940//1940
f 1976//1976 2018//2018 2001//2001
f 2036//2036 2018//2018 2047//2047
f 2122//2122 2143//2143 2104//2104
f 216//216 1642//1642 489//489
f 2148//2148 984//984 2143//2143
f 1975//1975 1974//1974 1967//1967
f 2157//2157 1683//1683 1516//1516
f 1614//1614 1593//1593 1594//1594
f 2269//2269 2270//2270 2276//2276
f 1926//1926 2147//2147 29//29
f 2082//2082 2091//2091 2072//2072
f 430//430 503//503 2059//2059
f 1904//1904 1905//1905 1940//1940
f 1940//1940 1961//1961 1960//1960
f 1961//1961 1976//1976 1960//1960
f 2087//2087 2086//2086 2075//2075
f 2065//2065 2156//2156 1390//1390
f 1820//1820 1838//1838 1900//1900
f 534//534 1308//1308 837//837
f 2167//2167 273//273 1018//1018
f 831//831 1850//1850 1855//1855
f 2019//2019 2037//2037 2018//2018
f 2018//2018 2037//2037 2047//2047
f 2037//2037 2075//2075 2047//2047
f 2086//2086 2095//2095 2104//2104
f 2095//2095 2122//2122 2104//2104
f 2122//2122 2148//2148 2143//2143
f 1926//1926 1213//1213 1995//1995
f 1405//1405 1885//1885 1761//1761
f 2006//2006 2013//2013 2012//2012
f 2211//2211 2233//2233 2216//2216
f 1855//1855 1890//1890 1904//1904
f 1904//1904 1895//1895 1905//1905
f 1905//1905 1932//1932 1940//1940
f 1961//1961 1977//1977 1976//1976
f 1976//1976 1986//1986 2018//2018
f 2484//2484 2476//2476 1518//1518
f 1870//1870 1411//1411 1859//1859
f 1548//1548 2142//2142 2111//2111
f 1904//1904 1890//1890 1895//1895
f 1895//1895 1932//1932 1905//1905
f 1940//1940 1932//1932 1961//1961
f 1976//1976 1977//1977 1986//1986
f 1986//1986 2008//2008 2018//2018
f 2018//2018 2008//2008 2019//2019
f 2087//2087 2075//2075 2037//2037
f 2087//2087 2095//2095 2086//2086
f 2094//2094 1391//1391 1860//1860
f 1852//1852 1853//1853 2006//2006
f 1853//1853 2013//2013 2006//2006
f 929//929 979//979 850//850
f 1855//1855 1874//1874 1890//1890
f 2008//2008 2028//2028 2019//2019
f 1993//1993 2070//2070 2023//2023
f 1705//1705 1799//1799 1998//1998
f 1491//1491 2147//2147 206//206
f 1851//1851 1856//1856 1855//1855
f 1895//1895 1890//1890 1874//1874
f 2038//2038 2019//2019 2028//2028
f 2038//2038 2048//2048 2037//2037
f 2019//2019 2038//2038 2037//2037
f 2048//2048 2067//2067 2087//2087
f 2037//2037 2048//2048 2087//2087
f 2087//2087 2067//2067 2095//2095
f 2095//2095 2149//2149 2122//2122
f 2149//2149 2148//2148 2122//2122
f 1308//1308 2005//2005 837//837
f 209//209 1308//1308 1387//1387
f 1601//1601 2102//2102 1927//1927
f 254//254 170//170 201//201
f 1800//1800 1403//1403 1763//1763
f 1510//1510 1346//1346 1740//1740
f 870//870 871//871 1903//1903
f 1919//1919 1650//1650 1619//1619
f 2148//2148 1667//1667 1753//1753
f 1932//1932 1923//1923 1961//1961
f 1977//1977 1953//1953 1986//1986
f 2067//2067 2112//2112 2095//2095
f 2112//2112 2149//2149 2095//2095
f 2148//2148 2149//2149 1667//1667
f 2422//2422 2421//2421 2407//2407
f 1926//1926 2026//2026 1213//1213
f 1912//1912 2144//2144 543//543
f 2128//2128 1387//1387 2153//2153
f 1733//1733 1510//1510 1740//1740
f 990//990 853//853 2489//2489
f 503//503 1214//1214 803//803
f 1921//1921 431//431 2163//2163
f 2146//2146 2145//2145 2129//2129
f 2144//2144 1921//1921 2163//2163
f 1855//1855 1856//1856 1874//1874
f 1895//1895 1923//1923 1932//1932
f 1923//1923 1941//1941 1961//1961
f 1961//1961 1941//1941 1977//1977
f 2048//2048 2076//2076 2067//2067
f 2076//2076 2113//2113 2067//2067
f 2067//2067 2113//2113 2112//2112
f 1723//1723 1900//1900 1937//1937
f 1870//1870 1900//1900 1723//1723
f 1367//1367 2163//2163 1338//1338
f 520//520 1346//1346 1510//1510
f 1698//1698 1831//1831 1861//1861
f 1984//1984 1919//1919 2045//2045
f 1895//1895 1891//1891 1923//1923
f 2008//2008 1986//1986 2028//2028
f 1948//1948 1981//1981 1993//1993
f 1883//1883 1346//1346 520//520
f 1883//1883 1814//1814 1346//1346
f 1930//1930 206//206 2147//2147
f 2499//2499 2486//2486 1447//1447
f 1891//1891 1906//1906 1923//1923
f 1923//1923 1953//1953 1941//1941
f 1953//1953 1977//1977 1941//1941
f 1953//1953 1987//1987 1986//1986
f 2113//2113 2123//2123 2112//2112
f 2123//2123 2149//2149 2112//2112
f 1387//1387 1308//1308 1226//1226
f 1599//1599 1688//1688 1346//1346
f 2093//2093 1390//1390 1537//1537
f 2003//2003 2011//2011 1981//1981
f 1987//1987 2028//2028 1986//1986
f 2038//2038 2049//2049 2048//2048
f 2048//2048 2049//2049 2076//2076
f 1813//1813 1667//1667 2149//2149
f 2123//2123 1813//1813 2149//2149
f 1461//1461 1469//1469 1964//1964
f 1757//1757 1510//1510 1743//1743
f 505//505 1930//1930 1999//1999
f 2223//2223 1784//1784 1789//1789
f 1532//1532 1522//1522 1651//1651
f 1906//1906 1913//1913 1923//1923
f 1913//1913 1943//1943 1923//1923
f 1943//1943 1942//1942 1923//1923
f 1923//1923 1942//1942 1953//1953
f 1942//1942 1987//1987 1953//1953
f 1308//1308 1852//1852 2005//2005
f 2053//2053 1814//1814 1883//1883
f 1733//1733 1740//1740 1541//1541
f 2154//2154 1886//1886 1355//1355
f 1503//1503 1528//1528 1474//1474
f 1874//1874 1879//1879 1895//1895
f 1895//1895 1879//1879 1891//1891
f 2076//2076 2124//2124 2113//2113
f 2113//2113 2124//2124 2123//2123
f 1896//1896 1891//1891 1879//1879
f 1891//1891 1896//1896 1906//1906
f 1942//1942 1962//1962 1987//1987
f 1962//1962 2009//2009 2028//2028
f 1987//1987 1962//1962 2028//2028
f 2009//2009 2038//2038 2028//2028
f 2109//2109 2119//2119 2071//2071
f 1918//1918 1956//1956 1937//1937
f 1851//1851 1864//1864 1856//1856
f 1896//1896 1897//1897 1906//1906
f 1906//1906 1897//1897 1913//1913
f 1943//1943 1962//1962 1942//1942
f 2049//2049 2077//2077 2076//2076
f 2124//2124 2125//2125 2123//2123
f 1930//1930 2147//2147 1926//1926
f 1902//1902 1894//1894 1878//1878
f 482//482 1510//1510 1757//1757
f 2129//2129 2137//2137 2120//2120
f 503//503 803//803 2059//2059
f 1847//1847 1857//1857 1851//1851
f 1851//1851 1857//1857 1864//1864
f 2039//2039 2038//2038 2009//2009
f 2038//2038 2039//2039 2049//2049
f 2076//2076 2077//2077 2124//2124
f 2150//2150 1813//1813 2123//2123
f 482//482 520//520 1510//1510
f 1994//1994 1821//1821 2046//2046
f 2044//2044 2004//2004 1764//1764
f 1864//1864 1867//1867 1856//1856
f 1867//1867 1874//1874 1856//1856
f 1897//1897 1944//1944 1913//1913
f 1943//1943 1944//1944 1962//1962
f 2124//2124 2126//2126 2125//2125
f 2150//2150 2123//2123 2125//2125
f 2099//2099 2146//2146 2129//2129
f 2041//2041 1995//1995 2098//2098
f 1605//1605 1641//1641 2151//2151
f 1847//1847 1959//1959 1857//1857
f 1874//1874 1867//1867 1879//1879
f 1913//1913 1944//1944 1943//1943
f 1944//1944 1963//1963 1962//1962
f 2077//2077 2096//2096 2124//2124
f 2096//2096 2126//2126 2124//2124
f 2126//2126 2150//2150 2125//2125
f 941//941 1650//1650 1919//1919
f 2135//2135 2136//2136 209//209
f 1884//1884 1886//1886 2014//2014
f 2049//2049 2029//2029 2077//2077
f 1388//1388 2127//2127 1389//1389
f 1389//1389 2127//2127 1566//1566
f 1930//1930 1926//1926 1995//1995
f 941//941 1919//1919 1316//1316
f 2110//2110 503//503 430//430
f 1867//1867 1880//1880 1879//1879
f 1879//1879 1880//1880 1896//1896
f 1897//1897 1907//1907 1944//1944
f 1963//1963 1978//1978 1962//1962
f 1962//1962 1978//1978 2009//2009
f 2039//2039 2029//2029 2049//2049
f 2077//2077 2078//2078 2096//2096
f 822//822 823//823 827//827
f 2166//2166 1668//1668 2150//2150
f 81//81 941//941 1316//1316
f 2204//2204 2216//2216 2203//2203
f 2011//2011 2071//2071 2070//2070
f 1880//1880 1892//1892 1896//1896
f 1892//1892 1907//1907 1897//1897
f 1896//1896 1892//1892 1897//1897
f 1907//1907 1914//1914 1944//1944
f 1978//1978 2010//2010 2009//2009
f 2010//2010 2039//2039 2009//2009
f 1688//1688 1740//1740 1346//1346
f 1789//1789 1820//1820 1870//1870
f 2130//2130 1391//1391 2094//2094
f 1944//1944 1945//1945 1963//1963
f 2029//2029 2078//2078 2077//2077
f 1767//1767 2150//2150 2126//2126
f 1767//1767 2166//2166 2150//2150
f 803//803 2022//2022 2467//2467
f 1503//1503 1927//1927 2102//2102
f 1914//1914 1954//1954 1944//1944
f 1944//1944 1954//1954 1945//1945
f 1963//1963 1970//1970 1978//1978
f 2078//2078 2105//2105 2096//2096
f 2105//2105 2126//2126 2096//2096
f 1965//1965 2011//2011 2003//2003
f 192//192 1626//1626 1358//1358
f 2101//2101 1559//1559 1594//1594
f 1930//1930 2041//2041 1999//1999
f 1698//1698 1876//1876 2165//2165
f 1398//1398 1871//1871 891//891
f 2165//2165 1338//1338 1681//1681
f 1970//1970 2010//2010 1978//1978
f 2010//2010 2030//2030 2029//2029
f 2039//2039 2010//2010 2029//2029
f 2030//2030 2055//2055 2078//2078
f 2029//2029 2030//2030 2078//2078
f 1849//1849 1848//1848 2175//2175
f 1871//1871 1862//1862 891//891
f 543//543 2015//2015 2014//2014
f 1857//1857 1858//1858 1864//1864
f 1864//1864 1858//1858 1867//1867
f 1963//1963 1945//1945 1970//1970
f 2055//2055 2088//2088 2078//2078
f 2078//2078 2088//2088 2105//2105
f 2105//2105 2131//2131 2126//2126
f 2126//2126 2131//2131 1767//1767
f 2063//2063 2083//2083 2033//2033
f 2161//2161 2171//2171 209//209
f 2032//2032 2042//2042 2011//2011
f 1813//1813 2150//2150 1773//1773
f 1914//1914 1908//1908 1954//1954
f 1970//1970 1979//1979 2010//2010
f 2088//2088 2131//2131 2105//2105
f 2015//2015 543//543 1876//1876
f 1694//1694 1692//1692 1048//1048
f 1395//1395 2207//2207 1859//1859
f 1395//1395 1393//1393 2207//2207
f 1730//1730 1784//1784 1736//1736
f 2500//2500 2466//2466 2470//2470
f 1709//1709 1701//1701 1757//1757
f 1945//1945 1979//1979 1970//1970
f 2030//2030 2050//2050 2055//2055
f 2350//2350 2317//2317 2286//2286
f 2154//2154 2155//2155 1886//1886
f 871//871 860//860 1889//1889
f 2161//2161 209//209 2136//2136
f 2497//2497 2463//2463 2493//2493
f 2190//2190 2204//2204 2203//2203
f 1800//1800 2179//2179 1404//1404
f 2477//2477 2469//2469 1385//1385
f 1385//1385 1715//1715 2477//2477
f 2128//2128 209//209 1387//1387
f 1858//1858 1868//1868 1867//1867
f 1867//1867 1881//1881 1880//1880
f 1893//1893 1892//1892 1880//1880
f 1881//1881 1893//1893 1880//1880
f 1893//1893 1907//1907 1892//1892
f 1907//1907 1908//1908 1914//1914
f 1954//1954 1979//1979 1945//1945
f 1979//1979 1980//1980 2010//2010
f 2131//2131 2159//2159 1767//1767
f 1765//1765 93//93 339//339
f 1761//1761 1877//1877 1405//1405
f 523//523 1347//1347 515//515
f 1541//1541 2157//2157 1738//1738
f 2144//2144 2163//2163 1367//1367
f 1380//1380 1389//1389 1566//1566
f 2317//2317 2392//2392 2316//2316
f 1994//1994 2498//2498 1801//1801
f 1867//1867 1868//1868 1881//1881
f 1980//1980 2050//2050 2030//2030
f 2010//2010 1980//1980 2030//2030
f 2050//2050 2089//2089 2055//2055
f 2055//2055 2089//2089 2088//2088
f 2088//2088 2114//2114 2131//2131
f 1538//1538 1651//1651 1659//1659
f 2145//2145 2155//2155 2129//2129
f 2140//2140 29//29 1928//1928
f 2370//2370 2033//2033 2025//2025
f 2252//2252 2239//2239 2240//2240
f 2239//2239 2252//2252 1862//1862
f 2392//2392 2391//2391 2316//2316
f 2469//2469 2501//2501 1385//1385
f 2477//2477 1715//1715 1710//1710
f 502//502 1614//1614 1643//1643
f 2438//2438 1227//1227 2431//2431
f 1915//1915 1907//1907 1893//1893
f 1915//1915 1908//1908 1907//1907
f 1954//1954 1908//1908 1979//1979
f 1908//1908 1988//1988 1979//1979
f 1979//1979 1988//1988 1980//1980
f 2114//2114 2159//2159 2131//2131
f 2155//2155 2154//2154 2129//2129
f 508//508 1966//1966 2144//2144
f 872//872 1756//1756 1626//1626
f 1710//1710 1715//1715 1505//1505
f 236//236 1966//1966 508//508
f 2272//2272 2284//2284 1398//1398
f 2325//2325 2355//2355 2319//2319
f 1548//1548 2121//2121 1779//1779
f 1532//1532 1528//1528 1522//1522
f 1980//1980 2056//2056 2050//2050
f 2050//2050 2056//2056 2089//2089
f 2013//2013 2015//2015 2012//2012
f 1964//1964 2003//2003 1956//1956
f 2006//2006 2012//2012 1391//1391
f 1565//1565 1927//1927 1503//1503
f 2244//2244 2243//2243 2226//2226
f 5//5 1715//1715 1385//1385
f 1858//1858 1848//1848 1868//1868
f 1915//1915 1946//1946 1908//1908
f 1946//1946 1988//1988 1908//1908
f 1980//1980 2020//2020 2056//2056
f 2115//2115 2159//2159 2114//2114
f 2092//2092 2083//2083 2063//2063
f 1398//1398 2284//2284 1687//1687
f 2162//2162 2155//2155 2145//2145
f 519//519 2475//2475 2488//2488
f 2158//2158 5//5 1385//1385
f 5//5 1505//1505 1715//1715
f 1692//1692 1694//1694 1505//1505
f 1988//1988 2020//2020 1980//1980
f 2115//2115 2169//2169 2159//2159
f 2169//2169 2168//2168 2159//2159
f 2083//2083 2082//2082 2072//2072
f 1316//1316 1984//1984 1983//1983
f 1488//1488 1619//1619 1650//1650
f 2083//2083 2072//2072 2033//2033
f 2361//2361 1210//1210 1233//1233
f 1933//1933 1946//1946 1915//1915
f 2056//2056 2079//2079 2089//2089
f 2088//2088 2115//2115 2114//2114
f 2099//2099 2091//2091 2082//2082
f 2162//2162 532//532 2155//2155
f 1852//1852 2006//2006 2005//2005
f 2023//2023 2061//2061 2052//2052
f 2176//2176 2184//2184 2175//2175
f 2162//2162 985//985 532//532
f 1909//1909 1893//1893 1881//1881
f 1909//1909 1915//1915 1893//1893
f 1988//1988 2040//2040 2020//2020
f 2040//2040 2056//2056 2020//2020
f 2089//2089 2079//2079 2088//2088
f 2088//2088 2079//2079 2115//2115
f 1782//1782 1444//1444 1882//1882
f 1216//1216 1215//1215 2320//2320
f 867//867 1939//1939 1894//1894
f 867//867 903//903 1939//1939
f 1372//1372 2398//2398 1379//1379
f 1863//1863 504//504 2027//2027
f 2158//2158 1385//1385 504//504
f 1868//1868 1782//1782 1881//1881
f 1909//1909 1933//1933 1915//1915
f 2040//2040 1988//1988 1946//1946
f 1481//1481 2024//2024 1492//1492
f 2120//2120 2136//2136 2119//2119
f 1522//1522 1528//1528 1518//1518
f 1871//1871 1398//1398 1405//1405
f 1221//1221 1408//1408 1399//1399
f 1357//1357 5//5 2158//2158
f 2179//2179 1800//1800 1763//1763
f 1868//1868 1865//1865 1782//1782
f 1882//1882 1881//1881 1782//1782
f 1882//1882 1909//1909 1881//1881
f 2040//2040 2057//2057 2056//2056
f 2106//2106 2079//2079 2056//2056
f 2057//2057 2106//2106 2056//2056
f 2106//2106 2132//2132 2079//2079
f 2132//2132 2115//2115 2079//2079
f 2115//2115 2132//2132 2169//2169
f 532//532 985//985 597//597
f 2092//2092 2100//2100 2082//2082
f 1210//1210 1221//1221 1399//1399
f 1399//1399 1233//1233 1210//1210
f 2130//2130 2002//2002 1517//1517
f 1849//1849 1865//1865 1868//1868
f 1933//1933 2040//2040 1946//1946
f 52//52 1269//1269 30//30
f 1667//1667 1813//1813 1753//1753
f 1997//1997 1380//1380 1673//1673
f 940//940 1008//1008 1088//1088
f 1947//1947 1994//1994 2046//2046
f 1882//1882 1916//1916 1909//1909
f 1924//1924 1933//1933 1909//1909
f 1533//1533 2040//2040 1933//1933
f 1533//1533 1534//1534 2040//2040
f 2058//2058 2040//2040 1534//1534
f 2058//2058 2057//2057 2040//2040
f 1238//1238 191//191 1768//1768
f 1997//1997 1389//1389 1380//1380
f 1875//1875 1541//1541 1554//1554
f 1854//1854 504//504 1863//1863
f 1854//1854 2158//2158 504//504
f 2396//2396 1275//1275 2406//2406
f 2426//2426 2443//2443 153//153
f 1916//1916 1924//1924 1909//1909
f 1925//1925 1935//1935 1934//1934
f 1870//1870 1723//1723 1426//1426
f 2058//2058 2097//2097 2057//2057
f 2097//2097 2106//2106 2057//2057
f 2132//2132 2151//2151 2169//2169
f 2151//2151 2160//2160 2169//2169
f 1106//1106 1635//1635 1562//1562
f 1957//1957 1768//1768 1681//1681
f 1957//1957 2051//2051 1768//1768
f 526//526 535//535 33//33
f 1614//1614 1594//1594 1609//1609
f 2233//2233 2229//2229 2216//2216
f 2496//2496 2027//2027 2084//2084
f 2496//2496 1863//1863 2027//2027
f 2117//2117 1854//1854 1863//1863
f 2016//2016 2158//2158 1854//1854
f 2016//2016 1504//1504 1357//1357
f 2158//2158 2016//2016 1357//1357
f 1114//1114 236//236 1661//1661
f 2129//2129 2154//2154 2137//2137
f 2133//2133 2106//2106 2097//2097
f 2491//2491 1999//1999 2041//2041
f 2051//2051 1238//1238 1768//1768
f 2061//2061 2108//2108 2081//2081
f 2189//2189 2195//2195 2186//2186
f 2348//2348 2349//2349 2362//2362
f 1701//1701 192//192 482//482
f 505//505 1737//1737 1707//1707
f 2133//2133 2132//2132 2106//2106
f 2132//2132 2133//2133 2151//2151
f 2151//2151 2170//2170 2160//2160
f 502//502 1661//1661 2162//2162
f 1998//1998 1389//1389 1997//1997
f 2297//2297 2352//2352 2329//2329
f 2352//2352 2364//2364 2329//2329
f 2394//2394 2414//2414 2364//2364
f 2352//2352 2394//2394 2364//2364
f 2402//2402 512//512 2415//2415
f 2255//2255 2254//2254 2243//2243
f 2446//2446 1365//1365 2456//2456
f 2271//2271 2282//2282 2298//2298
f 846//846 2283//2283 2264//2264
f 2293//2293 2310//2310 2318//2318
f 2254//2254 2295//2295 2294//2294
f 2283//2283 2290//2290 2278//2278
f 2270//2270 2294//2294 2293//2293
f 2423//2423 2455//2455 2400//2400
f 2281//2281 2287//2287 2267//2267
f 2190//2190 2191//2191 2204//2204
f 2271//2271 2263//2263 2282//2282
f 2334//2334 2329//2329 2364//2364
f 2424//2424 2432//2432 2409//2409
f 2282//2282 2263//2263 2298//2298
f 1409//1409 1659//1659 1958//1958
f 2263//2263 2302//2302 2298//2298
f 2297//2297 2329//2329 2296//2296
f 1256//1256 446//446 2346//2346
f 1958//1958 2502//2502 2478//2478
f 2437//2437 2399//2399 2444//2444
f 263//263 2366//2366 2359//2359
f 849//849 827//827 823//823
f 2311//2311 2325//2325 2290//2290
f 2499//2499 2379//2379 2434//2434
f 2446//2446 2456//2456 2423//2423
f 947//947 2358//2358 2379//2379
f 2499//2499 947//947 2379//2379
f 2205//2205 2195//2195 2212//2212
f 2245//2245 2237//2237 2227//2227
f 2245//2245 2256//2256 2237//2237
f 2256//2256 2263//2263 2271//2271
f 556//556 571//571 2305//2305
f 1528//1528 2068//2068 1518//1518
f 2424//2424 2439//2439 2432//2432
f 2302//2302 2352//2352 2297//2297
f 1866//1866 2237//2237 826//826
f 2248//2248 2242//2242 2211//2211
f 2334//2334 2364//2364 2363//2363
f 2235//2235 2244//2244 2226//2226
f 2255//2255 2295//2295 2254//2254
f 2329//2329 2324//2324 2296//2296
f 2439//2439 2447//2447 1973//1973
f 2329//2329 2334//2334 2324//2324
f 2409//2409 2432//2432 2414//2414
f 2293//2293 2318//2318 2276//2276
f 866//866 2425//2425 2416//2416
f 1487//1487 1493//1493 2372//2372
f 2237//2237 2231//2231 2230//2230
f 2415//2415 512//512 17//17
f 2035//2035 1236//1236 26//26
f 921//921 2138//2138 688//688
f 2491//2491 2482//2482 2462//2462
f 6//6 181//181 197//197
f 2481//2481 948//948 1795//1795
f 2138//2138 2383//2383 2382//2382
f 2377//2377 2394//2394 2352//2352
f 2377//2377 506//506 2394//2394
f 2394//2394 506//506 2402//2402
f 2401//2401 2402//2402 2415//2415
f 2394//2394 2402//2402 2401//2401
f 2318//2318 2326//2326 2276//2276
f 2439//2439 2457//2457 2432//2432
f 2298//2298 2302//2302 2297//2297
f 2244//2244 2249//2249 2243//2243
f 2404//2404 1100//1100 2382//2382
f 2238//2238 2245//2245 2227//2227
f 2245//2245 2257//2257 2256//2256
f 2257//2257 2263//2263 2256//2256
f 2324//2324 2334//2334 2328//2328
f 2257//2257 2289//2289 2263//2263
f 2289//2289 2302//2302 2263//2263
f 2236//2236 2231//2231 2250//2250
f 2138//2138 2382//2382 688//688
f 2383//2383 2404//2404 2382//2382
f 1100//1100 2404//2404 2343//2343
f 2353//2353 2352//2352 2302//2302
f 2353//2353 2377//2377 2352//2352
f 2237//2237 2230//2230 2220//2220
f 2335//2335 2355//2355 2325//2325
f 2308//2308 2340//2340 2315//2315
f 2253//2253 2269//2269 2276//2276
f 2311//2311 2335//2335 2325//2325
f 2439//2439 2424//2424 511//511
f 2268//2268 2267//2267 2248//2248
f 2383//2383 413//413 2404//2404
f 123//123 971//971 832//832
f 2234//2234 2243//2243 2269//2269
f 2225//2225 2213//2213 2234//2234
f 2219//2219 2213//2213 2225//2225
f 2195//2195 2196//2196 2212//2212
f 1544//1544 2418//2418 1549//1549
f 413//413 866//866 2404//2404
f 2404//2404 866//866 2416//2416
f 2416//2416 2417//2417 2404//2404
f 2404//2404 2417//2417 2343//2343
f 2415//2415 2409//2409 2401//2401
f 2196//2196 2219//2219 2212//2212
f 2268//2268 2248//2248 2218//2218
f 2206//2206 2214//2214 2197//2197
f 2417//2417 2332//2332 2343//2343
f 2343//2343 2332//2332 832//832
f 2330//2330 2302//2302 2289//2289
f 2330//2330 2353//2353 2302//2302
f 2453//2453 2454//2454 515//515
f 2218//2218 2248//2248 2217//2217
f 2218//2218 2217//2217 2205//2205
f 2276//2276 2281//2281 2268//2268
f 2178//2178 2197//2197 2177//2177
f 2197//2197 2189//2189 2177//2177
f 2332//2332 2066//2066 832//832
f 832//832 2066//2066 123//123
f 2231//2231 2236//2236 2230//2230
f 669//669 950//950 1144//1144
f 2217//2217 2211//2211 2199//2199
f 1216//1216 1209//1209 1217//1217
f 2066//2066 2365//2365 123//123
f 2230//2230 2226//2226 2214//2214
f 2290//2290 2325//2325 2304//2304
f 2325//2325 2319//2319 2304//2304
f 2217//2217 2248//2248 2211//2211
f 2191//2191 2192//2192 2199//2199
f 510//510 525//525 2035//2035
f 2417//2417 1917//1917 2332//2332
f 2332//2332 1917//1917 2066//2066
f 2408//2408 2413//2413 2341//2341
f 2248//2248 2267//2267 2242//2242
f 2326//2326 2333//2333 2281//2281
f 1340//1340 2365//2365 2066//2066
f 2440//2440 1302//1302 1340//1340
f 2226//2226 2230//2230 2235//2235
f 1153//1153 1163//1163 1116//1116
f 2431//2431 2455//2455 2438//2438
f 2416//2416 2425//2425 2417//2417
f 2495//2495 2474//2474 2462//2462
f 2290//2290 2304//2304 2277//2277
f 825//825 2227//2227 1872//1872
f 151//151 239//239 1038//1038
f 9//9 151//151 1038//1038
f 545//545 928//928 2381//2381
f 2440//2440 2406//2406 1384//1384
f 928//928 1596//1596 2381//2381
f 2186//2186 2188//2188 2185//2185
f 2456//2456 26//26 1888//1888
f 2287//2287 2333//2333 2262//2262
f 2425//2425 2342//2342 2417//2417
f 2342//2342 1917//1917 2417//2417
f 1917//1917 877//877 2066//2066
f 2336//2336 1340//1340 2066//2066
f 2336//2336 2440//2440 1340//1340
f 2328//2328 2351//2351 2327//2327
f 825//825 2238//2238 2227//2227
f 2351//2351 2368//2368 2327//2327
f 1222//1222 2388//2388 1211//1211
f 678//678 756//756 734//734
f 428//428 263//263 1343//1343
f 2188//2188 2191//2191 2190//2190
f 2341//2341 2376//2376 2333//2333
f 2066//2066 877//877 2336//2336
f 2290//2290 2277//2277 2278//2278
f 739//739 634//634 592//592
f 675//675 304//304 14//14
f 2384//2384 675//675 14//14
f 2199//2199 2211//2211 2204//2204
f 2191//2191 2199//2199 2204//2204
f 2322//2322 2318//2318 2310//2310
f 2287//2287 2262//2262 2233//2233
f 2185//2185 2188//2188 2184//2184
f 2386//2386 2425//2425 845//845
f 2384//2384 572//572 675//675
f 1128//1128 123//123 2365//2365
f 832//832 971//971 2343//2343
f 2188//2188 2186//2186 2191//2191
f 2185//2185 2184//2184 2176//2176
f 2345//2345 1917//1917 2342//2342
f 2345//2345 877//877 1917//1917
f 2336//2336 2406//2406 2440//2440
f 971//971 1100//1100 2343//2343
f 2299//2299 2289//2289 2257//2257
f 2299//2299 2303//2303 2289//2289
f 2249//2249 2255//2255 2243//2243
f 506//506 513//513 512//512
f 2437//2437 955//955 1219//1219
f 1587//1587 2398//2398 1324//1324
f 877//877 2396//2396 2336//2336
f 2336//2336 2396//2396 2406//2406
f 2463//2463 2479//2479 879//879
f 2376//2376 2412//2412 2350//2350
f 2281//2281 2267//2267 2268//2268
f 2303//2303 2330//2330 2289//2289
f 624//624 635//635 159//159
f 1996//1996 2356//2356 1561//1561
f 2449//2449 2436//2436 1996//1996
f 2356//2356 2054//2054 2451//2451
f 928//928 2398//2398 1587//1587
f 2333//2333 2350//2350 2262//2262
f 2035//2035 26//26 2456//2456
f 2346//2346 2342//2342 2425//2425
f 2346//2346 2345//2345 2342//2342
f 1544//1544 2380//2380 2418//2418
f 2412//2412 2392//2392 2350//2350
f 622//622 509//509 1151//1151
f 2436//2436 2054//2054 1996//1996
f 545//545 2451//2451 928//928
f 2326//2326 2341//2341 2333//2333
f 2346//2346 2425//2425 2386//2386
f 1365//1365 2035//2035 2456//2456
f 2369//2369 2377//2377 2353//2353
f 2369//2369 506//506 2377//2377
f 2451//2451 900//900 928//928
f 900//900 2398//2398 928//928
f 1235//1235 1888//1888 1244//1244
f 2337//2337 2345//2345 2346//2346
f 877//877 772//772 2396//2396
f 772//772 1275//1275 2396//2396
f 2432//2432 2446//2446 2414//2414
f 2294//2294 2295//2295 2310//2310
f 2369//2369 2330//2330 828//828
f 2418//2418 2419//2419 2436//2436
f 2450//2450 2429//2429 2436//2436
f 2436//2436 2429//2429 2054//2054
f 2490//2490 2494//2494 1656//1656
f 1321//1321 155//155 2338//2338
f 1256//1256 2346//2346 2386//2386
f 2448//2448 877//877 2345//2345
f 877//877 2448//2448 772//772
f 2446//2446 2423//2423 2414//2414
f 2351//2351 2334//2334 2363//2363
f 2243//2243 2254//2254 2269//2269
f 2380//2380 2419//2419 2418//2418
f 2419//2419 2450//2450 2436//2436
f 2283//2283 2278//2278 2264//2264
f 822//822 2197//2197 823//823
f 1008//1008 1759//1759 1565//1565
f 2448//2448 2345//2345 2337//2337
f 2270//2270 2293//2293 2276//2276
f 2323//2323 2324//2324 2328//2328
f 2429//2429 1012//1012 2054//2054
f 2226//2226 2243//2243 2213//2213
f 2395//2395 325//325 772//772
f 2370//2370 2367//2367 2380//2380
f 2054//2054 2435//2435 2451//2451
f 2435//2435 2397//2397 2451//2451
f 2451//2451 2397//2397 900//900
f 1774//1774 1974//1974 1975//1975
f 2305//2305 2290//2290 2283//2283
f 846//846 2305//2305 2283//2283
f 2320//2320 1215//1215 2285//2285
f 2139//2139 2448//2448 2337//2337
f 2448//2448 2395//2395 772//772
f 1232//1232 1231//1231 1216//1216
f 2272//2272 2285//2285 2284//2284
f 2367//2367 2371//2371 2380//2380
f 2371//2371 2405//2405 2380//2380
f 2380//2380 2405//2405 2419//2419
f 2419//2419 2429//2429 2450//2450
f 2429//2429 176//176 1012//1012
f 2397//2397 2373//2373 900//900
f 2373//2373 2398//2398 900//900
f 2373//2373 1379//1379 2398//2398
f 2372//2372 1500//1500 1508//1508
f 1133//1133 1303//1303 1142//1142
f 2252//2252 2273//2273 2272//2272
f 891//891 2252//2252 2272//2272
f 2419//2419 2405//2405 2429//2429
f 2405//2405 2430//2430 2429//2429
f 2429//2429 2430//2430 176//176
f 2189//2189 2186//2186 2181//2181
f 2212//2212 2219//2219 2218//2218
f 2312//2312 2139//2139 2337//2337
f 2139//2139 2384//2384 2448//2448
f 2448//2448 2384//2384 2395//2395
f 899//899 855//855 843//843
f 2272//2272 2273//2273 2285//2285
f 2331//2331 2303//2303 2299//2299
f 176//176 2435//2435 2054//2054
f 1012//1012 176//176 2054//2054
f 2177//2177 2185//2185 2176//2176
f 2218//2218 2219//2219 2225//2225
f 1216//1216 1220//1220 1215//1215
f 2378//2378 2139//2139 2312//2312
f 2384//2384 14//14 2395//2395
f 2324//2324 2295//2295 2255//2255
f 2240//2240 2273//2273 2252//2252
f 2371//2371 2387//2387 2405//2405
f 2410//2410 2430//2430 2405//2405
f 2430//2430 2442//2442 176//176
f 2435//2435 2344//2344 2397//2397
f 2397//2397 2344//2344 2373//2373
f 2456//2456 1888//1888 2455//2455
f 2242//2242 2267//2267 2233//2233
f 2233//2233 2262//2262 2229//2229
f 2378//2378 2384//2384 2139//2139
f 2323//2323 2310//2310 2295//2295
f 2323//2323 2322//2322 2310//2310
f 2240//2240 2274//2274 2273//2273
f 974//974 841//841 990//990
f 2490//2490 1447//1447 2486//2486
f 2387//2387 2410//2410 2405//2405
f 2442//2442 2141//2141 176//176
f 2344//2344 1778//1778 2373//2373
f 972//972 1379//1379 2373//2373
f 1778//1778 972//972 2373//2373
f 1379//1379 972//972 428//428
f 1211//1211 2437//2437 1223//1223
f 1228//1228 1215//1215 1220//1220
f 702//702 2378//2378 2312//2312
f 17//17 518//518 2415//2415
f 1888//1888 26//26 1244//1244
f 2324//2324 2323//2323 2295//2295
f 2305//2305 2311//2311 2290//2290
f 2307//2307 2285//2285 2273//2273
f 2274//2274 2307//2307 2273//2273
f 2307//2307 2320//2320 2285//2285
f 2369//2369 531//531 506//506
f 2435//2435 2258//2258 2344//2344
f 2296//2296 2324//2324 2288//2288
f 1233//1233 1217//1217 2361//2361
f 2360//2360 2371//2371 2367//2367
f 2410//2410 2442//2442 2430//2430
f 176//176 2141//2141 2258//2258
f 176//176 2258//2258 2435//2435
f 539//539 2331//2331 66//66
f 2350//2350 2392//2392 2317//2317
f 2268//2268 2225//2225 2253//2253
f 1508//1508 1500//1500 2371//2371
f 2360//2360 1508//1508 2371//2371
f 2371//2371 1500//1500 2387//2387
f 972//972 2366//2366 428//428
f 1626//1626 1686//1686 1358//1358
f 1759//1759 1807//1807 1819//1819
f 2277//2277 2257//2257 2245//2245
f 2277//2277 2299//2299 2257//2257
f 1784//1784 2228//2228 1736//1736
f 2265//2265 2240//2240 1736//1736
f 2228//2228 2265//2265 1736//1736
f 2265//2265 2274//2274 2240//2240
f 1209//1209 2320//2320 2307//2307
f 2320//2320 1209//1209 1216//1216
f 1555//1555 1584//1584 1560//1560
f 2387//2387 1500//1500 2372//2372
f 2410//2410 2420//2420 2442//2442
f 2433//2433 972//972 1778//1778
f 2433//2433 2366//2366 972//972
f 955//955 522//522 1225//1225
f 2339//2339 2307//2307 2274//2274
f 2372//2372 1493//1493 2387//2387
f 2411//2411 2420//2420 2410//2410
f 2420//2420 954//954 2442//2442
f 2442//2442 954//954 2141//2141
f 2344//2344 2433//2433 1778//1778
f 2205//2205 2212//2212 2218//2218
f 2328//2328 2334//2334 2351//2351
f 2394//2394 2401//2401 2414//2414
f 2250//2250 2256//2256 2271//2271
f 2339//2339 1209//1209 2307//2307
f 2328//2328 2322//2322 2323//2323
f 866//866 845//845 2425//2425
f 3//3 316//316 893//893
f 2387//2387 2411//2411 2410//2410
f 2441//2441 2141//2141 954//954
f 2141//2141 2441//2441 2258//2258
f 2354//2354 2433//2433 2344//2344
f 2254//2254 2294//2294 2270//2270
f 2269//2269 2254//2254 2270//2270
f 863//863 2305//2305 846//846
f 2441//2441 2354//2354 2258//2258
f 2258//2258 2354//2354 2344//2344
f 2319//2319 2355//2355 51//51
f 2223//2223 2228//2228 1784//1784
f 1493//1493 2411//2411 2387//2387
f 1560//1560 2449//2449 1555//1555
f 2288//2288 2324//2324 2255//2255
f 825//825 2251//2251 2238//2238
f 2251//2251 2245//2245 2238//2238
f 1299//1299 84//84 1312//1312
f 2246//2246 2265//2265 2228//2228
f 2313//2313 2274//2274 2265//2265
f 2313//2313 2339//2339 2274//2274
f 2251//2251 2277//2277 2245//2245
f 2319//2319 51//51 2331//2331
f 891//891 1862//1862 2252//2252
f 2443//2443 954//954 2420//2420
f 2443//2443 2441//2441 954//954
f 511//511 2447//2447 2439//2439
f 2242//2242 2233//2233 2211//2211
f 188//188 15//15 814//814
f 2443//2443 2426//2426 2441//2441
f 2426//2426 2354//2354 2441//2441
f 2306//2306 2403//2403 2433//2433
f 2433//2433 2403//2403 2366//2366
f 539//539 2303//2303 2331//2331
f 2246//2246 2228//2228 2223//2223
f 1030//1030 1819//1819 1807//1807
f 2354//2354 2306//2306 2433//2433
f 2413//2413 2412//2412 2376//2376
f 2438//2438 2455//2455 1888//1888
f 1848//1848 1857//1857 2176//2176
f 2207//2207 2208//2208 2223//2223
f 2208//2208 2246//2246 2223//2223
f 1209//1209 2339//2339 1217//1217
f 2339//2339 2361//2361 1217//1217
f 1221//1221 1210//1210 2388//2388
f 554//554 109//109 78//78
f 386//386 1375//1375 95//95
f 2327//2327 2326//2326 2318//2318
f 2179//2179 2182//2182 1393//1393
f 2182//2182 2208//2208 1393//1393
f 1393//1393 2208//2208 2207//2207
f 2361//2361 2399//2399 2388//2388
f 2388//2388 2399//2399 1211//1211
f 2306//2306 2354//2354 2426//2426
f 2403//2403 2359//2359 2366//2366
f 2214//2214 2226//2226 2213//2213
f 2268//2268 2253//2253 2276//2276
f 889//889 2200//2200 2179//2179
f 2200//2200 2182//2182 2179//2179
f 2200//2200 2221//2221 2182//2182
f 2221//2221 2208//2208 2182//2182
f 2314//2314 2265//2265 2246//2246
f 2314//2314 2313//2313 2265//2265
f 2339//2339 2374//2374 2361//2361
f 2478//2478 2434//2434 2379//2379
f 2205//2205 2217//2217 2199//2199
f 2208//2208 2259//2259 2246//2246
f 2259//2259 2275//2275 2246//2246
f 2314//2314 2321//2321 2313//2313
f 2313//2313 2347//2347 2339//2339
f 2347//2347 2374//2374 2339//2339
f 2374//2374 2399//2399 2361//2361
f 153//153 154//154 2426//2426
f 154//154 2306//2306 2426//2426
f 2385//2385 2359//2359 2403//2403
f 2221//2221 2259//2259 2208//2208
f 2306//2306 2357//2357 2403//2403
f 2357//2357 2385//2385 2403//2403
f 2237//2237 2256//2256 2231//2231
f 2172//2172 2180//2180 889//889
f 2180//2180 2200//2200 889//889
f 2200//2200 2201//2201 2221//2221
f 2246//2246 2291//2291 2314//2314
f 2374//2374 2444//2444 2399//2399
f 571//571 555//555 2311//2311
f 2192//2192 2205//2205 2199//2199
f 2173//2173 2180//2180 2172//2172
f 2279//2279 2246//2246 2275//2275
f 2279//2279 2291//2291 2246//2246
f 2292//2292 2314//2314 2291//2291
f 2321//2321 2362//2362 2313//2313
f 2362//2362 2347//2347 2313//2313
f 2347//2347 2389//2389 2374//2374
f 2444//2444 955//955 2437//2437
f 2292//2292 2291//2291 2279//2279
f 2452//2452 2444//2444 2374//2374
f 2054//2054 2356//2356 1996//1996
f 2338//2338 2306//2306 154//154
f 2186//2186 2192//2192 2191//2191
f 2193//2193 2201//2201 2200//2200
f 2259//2259 2221//2221 2201//2201
f 2247//2247 2259//2259 2201//2201
f 2452//2452 955//955 2444//2444
f 2278//2278 2277//2277 2251//2251
f 2338//2338 2357//2357 2306//2306
f 2181//2181 2186//2186 2185//2185
f 2276//2276 2326//2326 2281//2281
f 2432//2432 2457//2457 2446//2446
f 2198//2198 2201//2201 2193//2193
f 2198//2198 2232//2232 2201//2201
f 2232//2232 2247//2247 2201//2201
f 2389//2389 2452//2452 2374//2374
f 2452//2452 1630//1630 955//955
f 1403//1403 1749//1749 1444//1444
f 1555//1555 1996//1996 1561//1561
f 2357//2357 2427//2427 2385//2385
f 2385//2385 2428//2428 230//230
f 2409//2409 2415//2415 2424//2424
f 2304//2304 2331//2331 2299//2299
f 2193//2193 2200//2200 2180//2180
f 2445//2445 2452//2452 2389//2389
f 1565//1565 1759//1759 1927//1927
f 2380//2380 1544//1544 2370//2370
f 2338//2338 2427//2427 2357//2357
f 2427//2427 2428//2428 2385//2385
f 230//230 222//222 253//253
f 2202//2202 2198//2198 2193//2193
f 2202//2202 2209//2209 2198//2198
f 2209//2209 2241//2241 2198//2198
f 2241//2241 2232//2232 2198//2198
f 2266//2266 2275//2275 2259//2259
f 2365//2365 1340//1340 1128//1128
f 2415//2415 518//518 2424//2424
f 2338//2338 170//170 2427//2427
f 170//170 2428//2428 2427//2427
f 2181//2181 2185//2185 2177//2177
f 2196//2196 2195//2195 2189//2189
f 2183//2183 2193//2193 2180//2180
f 2453//2453 1630//1630 2452//2452
f 2197//2197 2214//2214 2189//2189
f 2401//2401 2409//2409 2414//2414
f 822//822 2220//2220 2197//2197
f 1210//1210 2361//2361 2388//2388
f 2187//2187 2193//2193 2183//2183
f 2187//2187 2202//2202 2193//2193
f 2266//2266 2279//2279 2275//2275
f 2279//2279 2300//2300 2292//2292
f 2375//2375 2347//2347 2362//2362
f 2375//2375 2390//2390 2347//2347
f 2390//2390 2389//2389 2347//2347
f 2453//2453 2452//2452 2445//2445
f 1347//1347 1630//1630 2453//2453
f 1630//1630 1347//1347 522//522
f 2220//2220 2206//2206 2197//2197
f 2262//2262 2350//2350 2286//2286
f 170//170 254//254 2428//2428
f 2457//2457 1973//1973 2446//2446
f 1973//1973 1365//1365 2446//2446
f 2174//2174 2183//2183 2180//2180
f 2194//2194 2202//2202 2187//2187
f 2222//2222 2241//2241 2209//2209
f 2222//2222 2260//2260 2241//2241
f 2266//2266 2259//2259 2247//2247
f 2390//2390 2445//2445 2389//2389
f 2264//2264 2251//2251 825//825
f 2363//2363 2368//2368 2351//2351
f 2326//2326 2393//2393 2341//2341
f 1855//1855 1850//1850 1851//1851
f 2210//2210 2209//2209 2202//2202
f 2210//2210 2222//2222 2209//2209
f 2261//2261 2260//2260 2222//2222
f 2280//2280 2279//2279 2266//2266
f 2280//2280 2300//2300 2279//2279
f 251//251 263//263 2359//2359
f 2277//2277 2304//2304 2299//2299
f 2220//2220 2230//2230 2206//2206
f 2202//2202 2194//2194 2210//2210
f 2213//2213 2243//2243 2234//2234
f 2328//2328 2327//2327 2322//2322
f 2294//2294 2310//2310 2293//2293
f 2214//2214 2196//2196 2189//2189
f 2196//2196 2213//2213 2219//2219
f 2224//2224 2222//2222 2210//2210
f 2421//2421 2390//2390 2375//2375
f 2206//2206 2230//2230 2214//2214
f 2194//2194 2203//2203 2210//2210
f 2224//2224 2261//2261 2222//2222
f 2421//2421 2445//2445 2390//2390
f 2322//2322 2327//2327 2318//2318
f 2393//2393 2408//2408 2341//2341
f 1365//1365 1973//1973 510//510
f 2216//2216 2210//2210 2203//2203
f 2216//2216 2224//2224 2210//2210
f 2266//2266 2308//2308 2280//2280
f 2280//2280 2308//2308 2300//2300
f 2407//2407 2421//2421 2375//2375
f 2175//2175 2183//2183 2174//2174
f 2194//2194 2190//2190 2203//2203
f 2454//2454 2445//2445 2421//2421
f 522//522 1347//1347 523//523
f 2456//2456 2455//2455 2423//2423
f 823//823 2197//2197 2178//2178
f 2281//2281 2333//2333 2287//2287
f 2188//2188 2187//2187 2183//2183
f 2188//2188 2190//2190 2194//2194
f 2187//2187 2188//2188 2194//2194
f 2308//2308 2315//2315 2300//2300
f 2407//2407 2375//2375 2362//2362
f 2443//2443 2420//2420 2503//2503
f 2420//2420 2411//2411 2503//2503
f 2411//2411 1493//1493 2503//2503
f 1493//1493 1487//1487 2503//2503
f 1487//1487 1318//1318 2503//2503
f 1318//1318 1320//1320 2503//2503
f 1320//1320 2443//2443 2503//2503
